channel,title,published_at,duration,view_count,like_count,comment_count
T-Series,"Vaaste Song: Dhvani Bhanushali, Tanishk Bagchi | Nikhil D | Bhushan Kumar | Radhika Rao, Vinay Sapru",2019-04-06T11:56:37Z,PT4M27S,1561022629,12988151,354618
T-Series,"Lut Gaye (Full Song) Emraan Hashmi, Yukti | Jubin N, Tanishk B, Manoj M | Bhushan K | Radhika-Vinay",2021-02-17T06:30:11Z,PT4M58S,1359806730,10843379,339291
T-Series,"DILBAR Lyrical | Satyameva Jayate |John Abraham, Nora Fatehi,Tanishk B, Neha Kakkar,Dhvani, Ikka",2018-07-09T13:50:00Z,PT3M19S,1282963820,5473245,187258
T-Series,"SIMMBA: Aankh Marey Lyrical | Ranveer Singh, Sara Ali Khan | Tanishk Bagchi, Mika Singh,Neha,Kumar S",2018-12-11T13:59:09Z,PT3M49S,1225984874,3538702,84363
T-Series,Guru Randhawa: High Rated Gabru Official Song | DirectorGifty | Bhushan Kumar | T-Series,2017-07-04T04:33:11Z,PT3M37S,1199323677,6332393,418830
T-Series,"Cham Cham Full Video | BAAGHI | Tiger Shroff, Shraddha Kapoor| Meet Bros, Monali Thakur| Sabbir Khan",2016-05-06T08:02:29Z,PT3M52S,1190009786,3942036,92361
T-Series,Guru Randhawa: Lahore (Official Video) Bhushan Kumar | Vee | DirectorGifty | T-Series,2017-12-14T04:29:47Z,PT3M55S,1077490049,6130006,313570
T-Series,Bom Diggy Diggy  (VIDEO) | Zack Knight | Jasmin Walia | Sonu Ke Titu Ki Sweety,2018-02-08T08:24:30Z,PT3M22S,1034346763,4573061,128828
T-Series,"Bum Bum Bole (Full Song) Film - Taare Zameen Par |  Shaan, Aamir Khan",2011-05-24T20:39:36Z,PT4M57S,1002373219,2802111,62345
T-Series,"Full Song: KHAIRIYAT (BONUS TRACK) | CHHICHHORE | Sushant, Shraddha | Pritam, Amitabh B|Arijit Singh",2019-09-26T11:15:00Z,PT3M59S,984582060,7269045,255433
T-Series,Leja Re | Dhvani Bhanushali | Tanishk Bagchi | Rashmi Virag |Radhika Rao| Vinay Sapru | Siddharth,2018-11-24T07:43:34Z,PT4M20S,971434735,5793321,147862
T-Series,"SIMMBA: Aankh Marey | Ranveer Singh, Sara Ali Khan | Tanishk Bagchi,Mika Singh,Neha Kakkar,  Kumar S",2018-12-06T05:30:01Z,PT3M23S,952716007,4286157,154380
T-Series,Official Video: Humnava Mere Song | Jubin Nautiyal | Manoj Muntashir | Rocky - Shiv | Bhushan Kumar,2018-05-23T05:31:53Z,PT6M47S,929512863,6647898,155169
T-Series,"'PREM RATAN DHAN PAYO' Title Song (Full VIDEO) | Salman Khan, Sonam Kapoor | Palak Muchhal T-Series",2015-12-01T12:42:52Z,PT4M24S,916311375,2603353,70815
T-Series,"Jagga Jasoos: Galti Se Mistake Video Song | Ranbir, Katrina | Pritam, Arijit, Amit | Amitabh B",2017-06-09T08:19:17Z,PT2M45S,900813585,3407857,72760
T-Series,Official Video: Nikle Currant Song | Jassi Gill | Neha Kakkar | Sukh-E Muzical Doctorz | Jaani,2018-10-12T04:30:08Z,PT3M34S,886822105,4498555,160416
T-Series,"Badri Ki Dulhania (Title Track) Varun, Alia, Tanishk, Neha, Monali, Ikka | ""Badrinath Ki Dulhania""",2017-02-06T08:28:26Z,PT2M53S,885340060,2791555,78735
T-Series,"Lyrical: Tum Hi Aana | Marjaavaan | Riteish D, Sidharth M, Tara S |Jubin Nautiyal,Payal Dev,Kunaal V",2019-10-15T06:34:39Z,PT4M27S,871847309,4792265,141665
T-Series,'Abhi Toh Party Shuru Hui Hai' FULL VIDEO Song | Khoobsurat | Badshah | Aastha,2014-11-11T06:31:30Z,PT3M10S,820820191,3217607,40582
T-Series,Full Video: Papa Mere Papa | Main Aisa Hi Hoon | Sushmita Sen |  Himesh Reshammiya,2011-05-30T13:28:30Z,PT4M23S,786856304,2799029,82713
T-Series,"'Chittiyaan Kalaiyaan' FULL VIDEO SONG | Roy | Meet Bros Anjjan, Kanika Kapoor | T-SERIES",2015-02-19T06:35:14Z,PT3M7S,781274996,3090016,57853
T-Series,"Full Song: O SAKI SAKI | Batla House | Nora Fatehi, Tanishk B,Neha K,Tulsi K, B Praak,Vishal-Shekhar",2019-08-29T07:28:08Z,PT3M25S,755879532,3631318,64813
T-Series,Housefull 4: Shaitan Ka Saala Video | Akshay Kumar | Sohail Sen Feat. Vishal Dadlani,2019-10-07T13:19:03Z,PT2M10S,754549840,3221119,73335
T-Series,"Chogada With Lyrics  | Loveyatri | Aayush Sharma | Warina Hussain |Darshan Raval, Lijo-DJ Chetas",2018-08-21T07:57:35Z,PT4M17S,719892007,3476807,77632
T-Series,"Luka Chuppi: COCA COLA Song | Kartik A, Kriti S | Tony Kakkar Tanishk Bagchi Neha Kakkar Young Desi",2019-02-04T05:30:09Z,PT2M24S,701013545,2780747,70753
T-Series,Naach Meri Rani: Guru Randhawa Feat. Nora Fatehi | Tanishk Bagchi | Nikhita Gandhi | Bhushan Kumar,2020-10-20T05:30:54Z,PT3M43S,692705632,6185823,188683
T-Series,"Full Song: Muqabla | Street Dancer 3D |A.R. Rahman, Prabhudeva, Varun D, Shraddha K, Tanishk B",2020-02-06T06:33:19Z,PT3M3S,657915369,3451184,53820
T-Series,"Arijit Singh: Pachtaoge | Vicky Kaushal, Nora Fatehi |Jaani, B Praak, Arvindr Khaira | Bhushan Kumar",2019-08-23T09:34:08Z,PT4M30S,642141941,6048565,154769
T-Series,She Don't Know: Millind Gaba Song | Shabby | New Hindi Song 2019 | Latest Hindi Songs,2019-01-09T05:07:43Z,PT3M29S,633090293,4393310,105897
T-Series,"Pushpa: Saami Saami - Full Video Song | Allu Arjun, Rashmika Mandanna | Sunidhi C | DSP | Sukumar",2022-01-07T06:30:09Z,PT3M14S,632179958,3750348,35993
T-Series,"ISHARE TERE Song | Guru Randhawa, Dhvani Bhanushali | DirectorGifty | Bhushan Kumar",2018-07-25T05:31:51Z,PT3M21S,631525982,3512999,131318
T-Series,"Taaron Ke Shehar Song: Neha Kakkar, Sunny Kaushal | Jubin Nautiyal,Jaani | Bhushan Kumar | Arvindr K",2020-09-20T10:18:21Z,PT4M44S,624068892,5557209,165384
T-Series,"Hua Hain Aaj Pehli Baar FULL VIDEO | SANAM RE | Pulkit Samrat, Urvashi Rautela | Divya Khosla Kumar",2016-02-26T13:45:35Z,PT4M8S,623234189,2154089,61755
T-Series,Guru Randhawa: MADE IN INDIA | Bhushan Kumar | DirectorGifty | Elnaaz Norouzi | Vee,2018-06-06T05:30:57Z,PT4M3S,621928839,3569259,179583
T-Series,Blue Eyes Full Video Song Yo Yo Honey Singh | Blockbuster Song Of 2013,2013-11-08T12:23:49Z,PT4M3S,618088146,5042106,144101
T-Series,"SANAM RE Title  Song FULL VIDEO | Pulkit Samrat, Yami Gautam, Urvashi Rautela | Divya Khosla Kumar",2016-02-26T14:45:49Z,PT4M30S,617398830,2779499,82868
T-Series,"Srivalli (Video) | Pushpa | Allu Arjun, Rashmika Mandanna | Javed Ali | DSP | Sukumar",2022-01-04T12:33:00Z,PT5M51S,617288999,5708118,63481
T-Series,"Dheere Dheere Se Meri Zindagi Video Song (OFFICIAL) Hrithik Roshan, Sonam Kapoor | Yo Yo Honey Singh",2015-09-01T18:35:01Z,PT5M4S,603894764,3519054,92619
T-Series,"Full Video :Illegal Weapon 2.0|Street Dancer 3D |Varun D,Shraddha K,Nora|Tanishk B,Jasmine S,Garry S",2020-02-05T08:31:06Z,PT3M38S,583582122,3055610,53847
T-Series,Dil Galti Kar Baitha Hai | Meet Bros Ft. Jubin Nautiyal | Mouni Roy | Manoj M | Ashish P | Bhushan K,2021-09-25T05:30:10Z,PT5M1S,580484753,6154483,152686
T-Series,"Saiyaan Ji ► Yo Yo Honey Singh, Neha Kakkar|Nushrratt Bharuccha|  Lil G, Hommie D| Mihir G|Bhushan K",2021-01-27T07:31:05Z,PT3M40S,575856685,6520687,283320
T-Series,KAUN TUJHE  Lyrical | M.S. DHONI -THE UNTOLD STORY | Amaal Mallik Palak | Sushant Singh Disha Patani,2016-09-10T05:35:05Z,PT4M1S,568261728,2831815,91239
T-Series,DILBAR Full Song | Satyameva Jayate | John Abraham Nora Fatehi | Tanishk B Neha Kakkar Ikka Dhvani,2018-08-28T06:28:50Z,PT2M57S,564407656,1816308,55073
T-Series,"Yo Yo Honey Singh: DIL CHORI (Video) Simar Kaur, Ishers | Hans Raj Hans | Sonu Ke Titu Ki Sweety",2017-12-26T09:49:35Z,PT3M32S,563136314,2566638,106698
T-Series,Gali Gali Full Video Song | KGF | Neha Kakkar | Mouni Roy | Tanishk Bagchi | Rashmi Virag |T-SERIES,2019-04-04T13:30:01Z,PT3M7S,560398719,2496615,34594
T-Series,"Kusu Kusu Song Ft Nora Fatehi | Satyameva Jayate 2 | John A, Divya K | Tanishk B, Zahrah Khan, Dev N",2021-11-10T05:30:13Z,PT3M28S,548558443,4352802,84431
T-Series,Main Tera Boyfriend Song | Raabta | Arijit S | Neha K Meet Bros | Sushant Singh Rajput Kriti Sanon,2017-05-22T09:10:06Z,PT3M9S,534881954,2963065,95246
T-Series,Suit Full Video Song | Guru Randhawa Feat. Arjun | T-Series,2016-06-24T08:19:45Z,PT3M23S,523463764,1993170,48609
T-Series,"Teri Aankhon Mein Song: Divya K | Darshan R, Neha K | Pearl V Manan B | Radhika, Vinay | Bhushan K",2020-10-07T05:31:40Z,PT6M36S,520184558,4910927,186693
T-Series,O Saathi Lyrical Video | Baaghi 2 | Tiger Shroff | Disha Patani | Arko | Ahmed Khan Sajid Nadiadwala,2018-03-14T15:00:06Z,PT4M30S,515362180,2477812,82613
T-Series,"""Oh Humsafar"" Song | Neha Kakkar Himansh Kohli | Tony Kakkar | Bhushan Kumar | Manoj Muntashir",2018-04-17T05:37:10Z,PT3M27S,513323374,3111603,115136
T-Series,"Bekhayali Full Song | Kabir Singh | Shahid K,Kiara A|Sandeep Reddy Vanga | Sachet-Parampara | Irshad",2019-07-01T11:42:23Z,PT5M54S,511239002,3851597,82452
T-Series,Full Video: Hookah Bar | Khiladi 786 | Akshay Kumar & Asin | Himesh Reshammiya,2012-11-08T07:12:33Z,PT2M55S,504766252,2479736,45441
T-Series,Patola Video Song | Blackmail | Irrfan Khan & Kirti Kulhari | Guru Randhawa,2018-03-05T06:02:55Z,PT2M30S,504206965,1793047,51850
T-Series,"Nachange Saari Raat Full Video Song | JUNOONIYAT | Pulkit Samrat,Yami Gautam| T-Series",2016-06-30T05:41:04Z,PT4M9S,492378149,1840871,38859
T-Series,"Lal Dupatta Full HD Song | Mujhse Shaadi Karogi | Salman Khan, Priyanka Chopra",2011-05-24T16:24:42Z,PT4M59S,490494937,1529070,51764
T-Series,"Exclusive: LOVE DOSE Full Video Song | Yo Yo Honey Singh, Urvashi Rautela | Desi Kalakaar",2014-10-04T06:29:37Z,PT4M37S,482316165,4027079,80381
T-Series,"Yaad Piya Ki Aane Lagi | Divya Khosla Kumar |Neha K,Tanishk B,Jaani, Faisu, Radhika&Vinay |Bhushan K",2019-11-16T12:15:57Z,PT6M59S,481283089,3690836,119246
T-Series,"Arijit Singh : Lambiyaan Si Judaiyaan With Lyrics | Raabta | Sushant Rajput, Kriti Sanon | T-Series",2017-05-23T11:58:11Z,PT4M19S,479131833,2890589,102958
T-Series,Hardy Sandhu: HORNN BLOW Video Song | Jaani | B Praak | New Song 2016 | T-Series,2016-04-12T05:58:57Z,PT2M46S,479113837,2705089,44702
T-Series,"Aashiq Banaya Aapne Title (Full Song) | Himesh Reshammiya,Shreya Ghoshal | Emraan Hashmi,Tanushree D",2011-12-15T12:03:57Z,PT5M,478152099,1879887,52359
T-Series,"Chhor Denge: Parampara Tandon | Sachet-Parampara | Nora Fatehi, Ehan Bhat | Arvindr K, Bhushan Kumar",2021-02-04T07:31:26Z,PT4M29S,474061360,4465186,135063
T-Series,"Full Song:LAGDI LAHORE DI|Street Dancer 3D | Varun D,Shraddha K, Nora F |Guru Randhawa,Tulsi Kumar",2020-02-07T08:30:00Z,PT3M24S,471889714,2491803,46562
T-Series,Baby Girl | Guru Randhawa Dhvani Bhanushali | Remo D'Souza | Bhushan Kumar | Vee,2020-10-01T05:30:12Z,PT3M43S,471801071,3999846,202711
T-Series,"Tere Naam Humne Kiya Hai Full Song | Tere Naam | Salman Khan | Udit Narayan, Himesh Reshammiya",2011-05-24T23:13:22Z,PT4M43S,469155702,2487276,102685
T-Series,Meri Aashiqui Song | Rochak Kohli Feat. Jubin Nautiyal | Ihana D | Shree Anwar Sagar | Bhushan Kumar,2020-06-03T05:30:22Z,PT5M8S,466222883,4256261,108737
T-Series,Guru Randhawa: Ishq Tera (Official Video) | Nushrat Bharucha | Bhushan Kumar | T-Series,2019-09-04T05:30:49Z,PT3M50S,465895165,4139181,99999
T-Series,"""Sun Raha Hai Na Tu Female Version"" By Shreya Ghoshal Aashiqui 2 Full Video Song |",2013-05-14T19:23:22Z,PT3M50S,461963718,2626391,71258
T-Series,KAUN TUJHE Full  Video | M.S. DHONI -THE UNTOLD STORY |Amaal Mallik Palak|Sushant Singh Disha Patani,2016-11-05T14:30:00Z,PT3M36S,457689342,3228396,124768
T-Series,"Akh Lad Jaave With Lyrics | Loveyatri | Aayush S | Warina H |Badshah,Tanishk Bagchi,Jubin N,Asees K",2018-08-29T12:30:07Z,PT3M20S,457091220,1971946,61929
T-Series,'Gallan Goodiyaan' Full VIDEO Song | Dil Dhadakne Do | T-Series,2015-06-13T11:29:52Z,PT4M39S,451269815,1646271,23157
T-Series,"Garmi Song | Street Dancer 3D | Varun D, Nora F, Shraddha K, Badshah, Neha K | Remo D | T-Series",2019-12-26T05:35:40Z,PT2M40S,439954130,2880829,77827
T-Series,"WAJAH TUM HO Full Video Song | HATE STORY 3 Songs | Zareen Khan, Karan Singh Grover | T-Series",2015-12-15T12:00:02Z,PT4M37S,434018124,1910439,35955
T-Series,"Naacho Naacho (Full Video) RRR - NTR, Ram Charan | M M Kreem | SS Rajamouli | Vishal Mishra & Rahul",2022-04-11T10:30:13Z,PT4M35S,430528757,3300525,70430
T-Series,"Kinna Sona Full Video | Marjaavaan | Sidharth M, Tara S | Meet Bros,Jubin N, Dhvani Bhanushali",2019-11-27T12:30:00Z,PT4M30S,426557721,1998798,41673
T-Series,"""Kabira Full Song"" Yeh Jawaani Hai Deewani | Pritam | Ranbir Kapoor, Deepika Padukone",2013-07-10T08:03:53Z,PT4M12S,423343944,2444777,41211
T-Series,"Bewafa Tera Masoom Chehra | Rochak Kohli Feat. Jubin Nautiyal, Rashmi V | Karan Mehra, Ihana Dhillon",2020-11-16T05:31:07Z,PT5M33S,419859407,4066825,85782
T-Series,Padmaavat: Khalibali - Ranveer Singh | Deepika Padukone | Shahid Kapoor | Shivam Pathak,2018-01-29T10:03:00Z,PT3M24S,412111342,2099177,79745
T-Series,"SIMMBA: Tere Bin | Ranveer Singh, Sara Ali Khan | Tanishk Bagchi, Rahat Fateh Ali Khan, Asees Kaur",2018-12-14T05:30:26Z,PT3M36S,400189701,2012541,57586
T-Series,"Oo Bolega ya Oo Oo Bolega Ft Samantha ( Full Video) Pushpa | Allu A, Rashmika|Kanika K, DSP, Sukumar",2022-01-07T11:34:00Z,PT3M49S,393954505,3787926,38100
T-Series,"Tum Hi Aana Full Video | Marjaavaan | Riteish D, Sidharth M, Tara S | Jubin N | Payal Dev Kunaal V",2019-11-24T07:36:05Z,PT3M55S,392695351,3031687,73842
T-Series,"""Tum Hi Ho"" Aashiqui 2 Full Song With Lyrics | Aditya Roy Kapur, Shraddha Kapoor",2013-04-04T12:32:37Z,PT4M28S,389304473,2504196,98668
T-Series,"LYRICAL: Tera Ban Jaunga | Kabir Singh | Shahid K, Kiara A, Sandeep V | Tulsi Kumar, Akhil Sachdeva",2019-06-21T06:57:40Z,PT4M17S,387866821,2524956,37421
T-Series,"Main Rahoon Ya Na Rahoon Full Video | Emraan Hashmi, Esha Gupta | Amaal Mallik, Armaan Malik",2015-11-24T06:23:16Z,PT6M47S,377475077,2749896,75053
T-Series,"Full Song: Garmi | Street Dancer 3D | Varun D, Nora F, Badshah, Neha K | Remo D",2020-02-07T06:30:00Z,PT4M37S,375893378,1979920,27190
T-Series,"Humsafar (Full Video)  | Varun & Alia Bhatt | Akhil Sachdeva | ""Badrinath Ki Dulhania""",2017-04-01T12:30:00Z,PT3M35S,372909000,1752929,40586
T-Series,"Kun Faya Kun Full Video Song Rockstar | Ranbir Kapoor | A.R. Rahman, Javed Ali, Mohit Chauhan",2011-12-05T11:09:10Z,PT6M21S,371942526,2963970,101080
T-Series,"""Hawa Hawa"" (Full Video Song) | Mubarakan | Anil Kapoor, Arjun Kapoor, Ileana D’Cruz, Athiya Shetty",2017-08-11T13:30:00Z,PT4M17S,367290972,1323389,36962
T-Series,Nayan Video Song | Dhvani B Jubin N | Lijo G Dj Chetas Manoj M Manhar U | Radhika Vinay |  Bhushan K,2020-12-08T05:34:36Z,PT5M59S,360238437,3573581,81791
T-Series,"Yo Yo Honey Singh: MAKHNA Video Song | Neha Kakkar, Singhsta, TDO | Bhushan Kumar",2018-12-21T08:00:20Z,PT3M29S,359800614,4407367,351125
T-Series,"""Mere Rashke Qamar"" Song With Lyrics | Baadshaho | Ajay Devgn, Ileana, Nusrat & Rahat Fateh Ali Khan",2017-07-20T13:15:57Z,PT4M1S,359520756,1454390,36986
T-Series,All Black Full Song | Sukhe | Raftaar |  New Video  2015 | T-Series,2015-10-10T05:25:39Z,PT3M46S,359214314,2367322,45470
T-Series,"Balam Pichkari Full Song Video Yeh Jawaani Hai Deewani | PRITAM | Ranbir Kapoor, Deepika Padukone",2013-06-22T13:00:04Z,PT4M20S,356486442,1896696,31227
T-Series,"Full Video: Kamariya | STREE | Nora Fatehi | Rajkummar Rao | Aastha Gill, Divya Kumar |Sachin- Jigar",2018-09-12T14:00:00Z,PT3M3S,354683295,1574262,29068
T-Series,Full Video: Galliyan Song | Ek Villain | Ankit Tiwari | Sidharth Malhotra | Shraddha Kapoor,2014-07-14T06:21:44Z,PT5M9S,351811004,2583224,55032
T-Series,"Chahun Main Ya Naa Full Video Song Aashiqui 2 | Aditya Roy Kapur, Shraddha Kapoor",2013-05-16T08:40:04Z,PT4M1S,351026529,2813376,44133
T-Series,"Tip Tip Song: Sooryavanshi | Akshay Kumar, Katrina Kaif | Udit N, Alka Y, Tanishk | Rohit Shetty",2021-11-06T05:30:12Z,PT2M52S,350957962,3096571,91870
T-Series,"""Padmaavat Song"" Ghoomar: Deepika Padukone, Shahid Kapoor, Ranveer Singh|Shreya Ghoshal,Swaroop Khan",2017-10-25T08:37:13Z,PT3M19S,349234940,1333536,55617
T-Series,"""Sunny Sunny Yaariyan"" Full Video Song (Film Version) |Divya Khosla Kumar|Himansh Kohli, Rakul Preet",2014-01-21T09:55:21Z,PT3M33S,347585388,1842294,34799
T-Series,"Bedardi Se Pyaar Ka Song|Jubin N,Meet B,Manoj M|Gurmeet C,Sherine S,Kaashish V | Ashish P| Bhushan K",2021-06-08T05:30:44Z,PT5M40S,346128339,4000663,113545
T-Series,"Badtameez Dil Full Song HD Yeh Jawaani Hai Deewani | PRITAM | Ranbir Kapoor, Deepika Padukone",2013-06-24T13:08:26Z,PT4M31S,345425675,1933957,22852
T-Series,"Full Video: Har Dil Jo Pyar Karega Title Song |Salman Khan,Rani Mukherjee |Udit Narayan, Alka Yagnik",2011-05-30T09:33:10Z,PT4M46S,343495476,1107994,27844
T-Series,"Afghan Jalebi (Ya Baba) FULL VIDEO Song | Phantom | Saif Ali Khan, Katrina Kaif | T-Series",2015-09-25T13:23:20Z,PT3M26S,343298924,1619382,36314
T-Series,Full Video: Tera Yaar Hoon Main | Sonu Ke Titu Ki Sweety | Arijit Singh Rochak Kohli | Song 2018,2018-03-07T10:19:59Z,PT4M28S,342443037,2780135,60076
T-Series,"Tumhe Dillagi Song By Rahat Fateh Ali Khan | Huma Qureshi, Vidyut Jammwal | Salim - Sulaiman",2016-06-08T07:00:01Z,PT6M27S,341743397,2718953,53987
T-Series,"Lyrical: Dil Mein Ho Tum| WHY CHEAT INDIA | Emraan H, Shreya D|Rochak K, Armaan M, Bappi L, Manoj M",2018-12-29T04:30:00Z,PT5M46S,341675007,1716691,46024
T-Series,"""Lungi Dance Chennai Express"" New Video Feat. Honey Singh, Shahrukh Khan, Deepika",2013-08-14T19:13:41Z,PT3M32S,341227604,1980407,29332
T-Series,"Is Qadar | Tulsi Kumar, Darshan Raval | Sachet-Parampara | Sayeed Quadri | Arvindr K | Bhushan K",2021-04-08T06:30:21Z,PT3M50S,332371047,3046951,76531
T-Series,Fevicol Se Full Video Song Dabangg 2 (Official) ★ Kareena Kapoor ★ Salman Khan,2013-01-09T09:51:42Z,PT4M36S,328159185,1332191,22711
T-Series,"Psycho Saiyaan | Saaho | Prabhas, Shraddha Kapoor | Tanishk Bagchi, Dhvani Bhanushali, Sachet Tandon",2019-07-08T05:31:45Z,PT2M12S,325069106,2311039,51716
T-Series,Lyrical: Chammak Challo | Ra One | ShahRukh Khan | Kareena Kapoor,2018-10-14T10:30:00Z,PT4M6S,318469834,2370636,40372
T-Series,Atif Aslam: Pehli Dafa Song (Video) | Ileana D’Cruz | Latest Hindi Song 2017 | T-Series,2017-01-06T06:30:39Z,PT4M43S,317713440,2370177,53190
T-Series,"Full Video: Deewangi Deewangi |  Om Shanti Om | Shahrukh Khan | Vishal Dadlani, Shekhar Ravjiani",2011-04-26T05:46:41Z,PT8M58S,316310298,1716839,48847
T-Series,Luka Chuppi: Duniyaa Full Video Song | Kartik Aaryan Kriti Sanon | Akhil | Dhvani B,2019-03-11T13:36:24Z,PT3M52S,314995126,2023042,37747
T-Series,"Marjaavaan: Ek Toh Kum Zindagani Video | Nora Fatehi | Tanishk B, Neha K, Yash N",2019-10-10T05:11:15Z,PT3M18S,313657352,2076673,39475
T-Series,"Full Video: Ek Haseena Thi |  Karzzzz | Himesh Reshammiya, Urmila Martondar|  Shreya Ghosal",2011-05-24T21:34:56Z,PT6M37S,311292164,1265897,43256
T-Series,"Wafa Na Raas Aayee Song Jubin Nautiyal Ft.Himansh K,Arushi N, Meet Bros|Rashmi V|Ashish P| Bhushan K",2021-04-23T05:31:27Z,PT5M4S,306735407,3055241,92345
T-Series,"Chhalaang: Care Ni Karda | Rajkummar R, Nushrratt B | Yo Yo Honey Singh, Alfaaz, Hommie Dilliwala",2020-10-22T07:30:30Z,PT3M6S,302714548,2637329,94902
T-Series,"Full Video: CHALE AANA | De De Pyaar De I Ajay Devgn, Tabu, Rakul Preet l Armaan M, Amaal M,Kunaal V",2019-06-10T11:00:47Z,PT4M14S,302412704,1656063,35384
T-Series,"GF BF VIDEO SONG | Sooraj Pancholi, Jacqueline Fernandez ft. Gurinder Seagal | T-Series",2016-02-17T12:31:43Z,PT7M3S,302130665,2153382,53077
T-Series,"""Tum Hi Ho Aashiqui 2"" Full Video Song HD | Aditya Roy Kapur, Shraddha Kapoor | Music - Mithoon",2013-05-20T10:34:52Z,PT5M10S,299703981,2614035,79125
T-Series,"Main Tera Hero | Galat Baat Hai Full Video Song | Varun Dhawan, Ileana D'Cruz, Nargis Fakhri",2014-04-12T08:30:38Z,PT3M42S,299467871,1249364,15936
T-Series,Humdard Full Video Song | Ek Villain | Arijit Singh | Mithoon,2014-07-11T13:36:08Z,PT4M19S,296337965,2939446,67105
T-Series,"Besharam Bewaffa Song: Divya K, Gautam G, Siddarth G | B Praak, Jaani |Radhika, Vinay| Bhushan Kumar",2020-11-30T05:30:22Z,PT5M42S,296213109,3396304,89213
T-Series,PANIYON SA Full Song | Satyameva Jayate  | John Abraham | Aisha Sharma | Tulsi Kumar | Atif Aslam,2018-08-23T07:03:33Z,PT3M27S,294813716,1449189,28351
T-Series,Jhalak Dikhla Ja Full Song (HD) Aksar | Emraan Hashmi,2011-05-20T07:59:08Z,PT4M34S,291714317,1326237,44727
T-Series,"Full Video: Sajan Tumse Pyar | Maine Pyaar Kyun Kiya | Salmaan Khan, Sushmita Sen",2011-05-24T17:38:01Z,PT4M8S,285597508,991951,20465
T-Series,"Full Video : Pehle Kabhi Na Mera Haal | Baghban | Salman Khan, Mahima Chaudhary",2013-02-08T14:24:38Z,PT4M33S,285400706,857438,25237
T-Series,"Yaar Mod Do Full Video Song | Guru Randhawa, Millind Gaba | T-Series",2016-01-21T07:30:00Z,PT4M54S,281131299,2997816,75578
T-Series,"""Teri Meri Prem Kahani Bodyguard"" (Video Song) Feat. 'Salman khan'",2011-08-21T13:37:17Z,PT2M41S,277933327,2105512,61243
T-Series,"""Sheila Ki Jawani"" Full Song | Tees Maar Khan | Katrina Kaif | Vishal Dadlani, Sunidhi Chauhan",2011-03-07T06:24:22Z,PT4M31S,277111769,1270573,28167
T-Series,"Bhool Bhulaiyaa 2 (Title Track) Kartik A, Kiara A, Tabu |Pritam, Tanishk, Neeraj, Anees B, Bhushan K",2022-05-02T05:30:27Z,PT3M36S,276591413,2436949,83678
T-Series,"MAIN WOH CHAAND Full Video Song | TERAA SURROOR | Himesh Reshammiya, Farah Karimaee | T-Series",2016-03-19T12:41:59Z,PT4M49S,276298529,1837429,51330
T-Series,"Full Video: Dupatta Tera Nau Rang Da | Partner | Salman Khan, Govinda, Katrina, Lara Dutta",2011-05-24T19:44:03Z,PT4M32S,276226965,1059375,17787
T-Series,"MUMMY NU PASAND Video | Jai Mummy Di l Sunny S, Sonnalli S l Jaani, Sunanda S, Tanishk B, Sukh-E",2019-12-17T06:31:52Z,PT2M45S,275932875,1291864,23914
T-Series,"Sheher Ki Ladki Song | Khandaani Shafakhana | Tanishk Bagchi, Badshah, Tulsi Kumar,  Diana Penty",2019-07-05T10:15:33Z,PT3M11S,271196252,1693639,28143
T-Series,LYRICS: Aashiq Banaya Aapne Song | Hate Story IV | Urvashi Rautela | Himesh Reshammiya | Neha Kakkar,2018-02-06T13:30:34Z,PT4M3S,269214197,1216509,34644
T-Series,Main Tera Boyfriend Full Video | Raabta | Arijit Singh | Neha Kakkar | Sushant Singh Kriti Sanon,2017-06-16T03:55:02Z,PT3M20S,265444535,1829617,44980
T-Series,OFFICIAL: 'Manwa Laage' FULL VIDEO Song | Happy New Year | Shah Rukh Khan | Arijit Singh,2014-11-07T06:20:41Z,PT4M29S,262527181,1671729,25527
T-Series,"Banjaara Full Video Song | Ek Villain | Shraddha Kapoor, Siddharth Malhotra",2014-07-11T08:32:21Z,PT5M34S,261637194,2540258,53734
T-Series,"Lyrical: Khairiyat | Chhichhore | Nitesh Tiwari | Arijit Singh | Sushant, Shraddha | Pritam",2019-09-08T10:30:01Z,PT4M59S,259131103,2181974,74511
T-Series,"Lyrical:Tum Jo Aaye |Once Upon A Time In Mumbai| Ajay Devgn,Rahat Fateh Ali Khan,Tulsi Kumar, Pritam",2018-10-27T11:00:07Z,PT5M5S,258572638,1500035,20648
T-Series,DILBAR | Satyameva Jayate | John Abraham Nora Fatehi | Tanishk B Neha Kakkar Ikka Dhvani | T-Series,2018-07-04T05:30:08Z,PT2M13S,257111625,1611651,91232
T-Series,"Party With The Bhoothnath Song (Official) | Bhoothnath Returns | Amitabh Bachchan, Yo Yo Honey Singh",2014-03-21T11:33:31Z,PT4M37S,256701679,2169607,42641
T-Series,"""Dil Tu Hi Bataa Krrish 3"" Full Video Song | Hrithik Roshan, Kangana Ranaut",2013-12-13T10:38:22Z,PT4M54S,256609712,1187523,32322
T-Series,"Full Video: Soni De Nakhre | Partner | Govinda, Salman Khan, Katrina Kaif | Sajid - Wajid",2011-05-24T19:45:36Z,PT3M58S,255010276,1281644,17133
T-Series,"Meri Zindagi Hai Tu (Song) Satyameva Jayate 2 | John A, Divya K | Rochak ft Jubin, Neeti | Manoj M",2021-10-28T05:30:12Z,PT3M40S,254284962,2662306,49696
T-Series,Daddy Mummy FULL VIDEO Song | Urvashi Rautela | Kunal Khemu | DSP | Bhaag Johnny | T-Series,2015-10-06T13:09:20Z,PT3M53S,252561973,1313555,24480
T-Series,"Lyrical: Thodi Jagah Video | Riteish D, Sidharth M, Tara S | Arijit Singh | Tanishk Bagchi",2019-10-28T10:37:45Z,PT3M58S,252537232,1596545,34105
T-Series,"Full Video: Akh Lad Jaave | Loveyatri | Aayush S|Warina H |Badshah, Tanishk Bagchi,Jubin N, ,Asees K",2018-10-26T13:30:01Z,PT3M1S,252133730,1525844,28687
T-Series,"Queen: London Thumakda Full Video Song | Kangana Ranaut, Raj Kumar Rao",2014-04-21T10:51:46Z,PT3M35S,251120880,1112797,16204
T-Series,"Full Video: Malang (Title Track)| Aditya Roy Kapur, Disha Patani, Anil K, Kunal K | Ved S | Mohit S",2020-02-15T13:30:01Z,PT4M47S,244897572,1430391,21935
T-Series,"Full Song: Tujhe Kitna Chahne Lage | Kabir Singh | Mithoon Feat. Arijit Singh | Shahid K, Kiara A",2019-07-04T06:48:51Z,PT3M39S,244576148,2299509,38257
T-Series,"Ghagra Full Video Song| Yeh Jawaani Hai Deewani | Pritam | Madhuri Dixit, Ranbir Kapoor",2013-06-29T11:52:36Z,PT5M7S,244349565,1262211,14856
T-Series,Dil Mein Chhupa Loonga Lyrical Video | Wajah Tum Ho | Armaan Malik & Tulsi Kumar | Meet Bros,2016-11-05T11:40:11Z,PT5M32S,243448489,850009,21538
T-Series,Heropanti: Rabba Video Song | Mohit Chauhan | Tiger Shroff | Kriti Sanon,2014-05-02T08:13:10Z,PT2M28S,241226378,1130118,30245
T-Series,DO PEG MAAR Full Video Song | ONE NIGHT STAND | Sunny Leone | Neha Kakkar | T-Series,2016-05-11T06:48:20Z,PT3M32S,240990131,763196,17616
T-Series,"Full Video:Tu Hi Yaar Mera | Pati Patni Aur Woh | Kartik A,Bhumi P,Ananya P| Rochak,Arijit S,Neha K",2019-12-18T13:30:00Z,PT3M17S,240011828,1796257,25197
T-Series,Kyon Ki Itna Pyar (Full Song) Film - Kyon Ki ...It'S Fate,2011-05-24T17:45:52Z,PT5M2S,238430384,1047900,34723
T-Series,Zaroorat Full Video Song | Ek Villain | Mithoon | Mustafa Zahid,2014-07-11T12:27:48Z,PT4M50S,236936181,1898670,43332
T-Series,"Sadi Gali Full Song Tanu Weds Manu | Ft. Kangna Ranaut, R Madhavan",2011-09-19T07:29:32Z,PT3M37S,235885854,1001039,18924
T-Series,"Soch Na Sake FULL VIDEO SONG | AIRLIFT | Akshay Kumar, Nimrat Kaur | Arijit Singh, Tulsi Kumar",2016-02-04T12:39:30Z,PT4M21S,235304835,1490318,28705
T-Series,"JAB TAK Full Video | M.S. DHONI -THE UNTOLD STORY | Armaan Malik, Amaal Mallik |Sushant Singh Rajput",2016-11-07T15:30:00Z,PT3M31S,235043504,1743038,36348
T-Series,"BOL DO NA ZARA Full Video Song | AZHAR | Emraan Hashmi, Nargis Fakhri | Armaan Malik, Amaal Mallik",2016-05-23T10:49:57Z,PT4M5S,234686028,1315497,31959
T-Series,"""Do Lafzo Mein [Full Song]"" Dhaai Akshar Prem Ke Ft Aishwarya Rai, Abhishek Bacchan",2011-05-30T09:30:54Z,PT4M41S,233483819,610086,19568
T-Series,"""Oh Oh Jane Jaana"" Salman Khan Full Song | Pyaar Kiya Toh Darna Kya",2012-01-17T12:03:46Z,PT4M17S,231960691,1428104,45742
T-Series,"Milegi Milegi Video Song |  STREE | Mika Singh | Sachin-Jigar | Rajkummar Rao, Shraddha Kapoor",2018-08-02T05:34:02Z,PT2M38S,230984439,1018067,26208
T-Series,"First Kiss: Yo Yo Honey Singh Ft. Ipsitaa | Bhushan Kumar | Lil Golu, Singhsta, Hommie D, DirGifty",2020-11-24T05:30:13Z,PT3M51S,230196998,3765861,279980
T-Series,"Chaar Botal Vodka Full Song Feat. Yo Yo Honey Singh, Sunny Leone | Ragini MMS 2",2014-02-25T20:17:53Z,PT3M50S,227544029,1938105,40298
T-Series,Mehendi Wale Haath |Guru Randhawa Sanjana Sanghi |Sayeed Q Sachet-Parampara Arvindr |Bhushan Kumar,2021-01-14T05:29:52Z,PT3M40S,226595954,3153655,82760
T-Series,BOLO HAR HAR HAR  Video Song |  SHIVAAY Title Song |  Ajay Devgn |  Mithoon Badshah | T-Series,2016-09-13T05:30:00Z,PT3M30S,224922612,1510251,3813
T-Series,Jahaan Tum Ho Video Song | Shrey Singhal | Latest Song 2016 | T-Series,2016-12-18T06:30:00Z,PT4M18S,223057993,1815992,43829
T-Series,"Najaa (Full Song) | Sooryavanshi | Akshay Kumar,Katrina Kaif,Rohit Shetty,Tanishk,Pav Dharia,Nikhita",2021-11-03T04:30:12Z,PT3M3S,223094985,2616979,51824
T-Series,Official Video: Raat Kamaal Hai | Guru Randhawa & Khushali Kumar | Tulsi Kumar | New Song 2018,2018-04-26T05:33:22Z,PT3M32S,222415521,1635311,86430
T-Series,"Dil Chahte Ho | Jubin Nautiyal, Mandy Takhar | Payal Dev, A.M.Turaz | Navjit Buttar | Bhushan Kumar",2020-08-27T05:31:05Z,PT5M5S,220009328,2434985,80915
T-Series,"'JALTE DIYE' Full VIDEO song | PREM RATAN DHAN PAYO | Salman Khan, Sonam Kapoor | T-Series",2015-12-01T13:41:53Z,PT5M44S,219875552,1042936,29897
T-Series,'Sooraj Dooba Hain' FULL VIDEO SONG | Arijit singh Aditi Singh Sharma | T-SERIES,2015-02-19T06:02:51Z,PT4M8S,219414744,1341155,20953
T-Series,"""Subha Hone Na De Full Song""| Desi Boyz | Akshay Kumar ,John Abraham | Pritam |  Mika Singh, Kumaar",2011-12-29T12:29:50Z,PT4M32S,219142378,1066232,26568
T-Series,"LYRICAL: COCA COLA | Luka Chuppi | Kartik A, Kriti S | Tanishk B  Neha Kakkar Tony Kakkar Young Desi",2019-02-12T10:30:01Z,PT3M20S,218529034,780956,13855
T-Series,Chhote Chhote Peg (Video) | Yo Yo Honey Singh | Neha Kakkar | Navraj Hans | Sonu Ke Titu Ki Sweety,2018-01-18T09:38:29Z,PT2M50S,218092290,1223306,47530
T-Series,"Full Video: Le Le Maza Le | Wanted | Salman Khan, Ayesha Takia | Sajid -Wajid",2011-05-24T22:16:18Z,PT3M59S,216426378,839636,17312
T-Series,Guru Randhawa: Ban Ja Rani Video Song With Lyrics | Tumhari Sulu | Vidya Balan Manav Kaul,2017-10-20T08:30:01Z,PT4M1S,214863913,954139,26079
T-Series,Full Video: Ek Do Teen Film Version | Baaghi 2 | Jacqueline F |Tiger S | Disha P| Ahmed K | Sajid N,2018-04-02T18:00:02Z,PT3M56S,214052819,859658,19100
T-Series,AASHIQUI 2 MASHUP FULL SONG | KIRAN KAMATH | BEST BOLLYWOOD MASHUPS,2013-05-29T09:57:37Z,PT5M3S,211317432,1426268,30933
T-Series,"Balma Song Khiladi 786 Ft. Akshay Kumar, Asin",2012-10-18T07:24:21Z,PT3M20S,210225072,866791,11632
T-Series,"Jumme Ki Raat Full Video Song | Salman Khan, Jacqueline Fernandez | Mika Singh | Himesh Reshammiya",2014-08-17T10:24:09Z,PT5M12S,210045479,754877,16291
T-Series,"""Aapka Kya Hoga Janabe Ali"" (Dhanno) Housefull Full Song | Akshay Kumar | Mika Singh",2011-04-20T14:19:03Z,PT5M1S,207309811,844370,14544
T-Series,"LYRICAL: Main Agar Kahoon | Om Shanti Om | Shahrukh Khan,Deepika Padukone | Sonu Nigam,Shreya Ghosal",2019-09-02T08:30:00Z,PT5M29S,204475357,1547954,24310
T-Series,Millind Gaba: NAZAR LAG JAYEGI Video Song | Kamal Raja | Shabby | New Hindi Songs 2018,2018-01-10T05:13:33Z,PT3M57S,203823841,1943769,53248
T-Series,"Nai Jaana Video | Tulsi Kumar, Sachet Tandon, Tanishk Bagchi | Nirmaan  | Awez D,Musskan S,Anmol",2019-10-24T05:34:38Z,PT3M47S,202539274,1228650,22763
T-Series,"""Milne Hai Mujhse Aayi Aashiqui 2"" Full Video Song | Aditya Roy Kapur, Shraddha Kapoor",2013-05-18T11:00:16Z,PT3M41S,202216175,2076852,39418
T-Series,Nainowale Ne Full Video Song | Padmaavat | Deepika Padukone | Shahid Kapoor | Ranveer Singh,2018-03-13T10:33:45Z,PT2M33S,201853387,1715395,29301
T-Series,Rabb Kare Tujhko Bhi [Full Song] Mujhse Shaadi Karogi,2011-05-24T16:24:17Z,PT3M56S,200842959,761480,12095
T-Series,"Ishq Sufiyana Lyrical | The Dirty Picture | Emraan Hashmi,Vidya Balan | Vishal - Shekhar",2020-06-14T13:30:00Z,PT5M45S,200859171,919439,9733
T-Series,"LYRICAL: Kaise Hua | Kabir Singh | Shahid K, Kiara A, Sandeep V | Vishal Mishra, Manoj Muntashir",2019-06-18T12:43:49Z,PT4M15S,199602670,1717179,21993
T-Series,Official: Desi Kalakaar Full VIDEO Song | Yo Yo Honey Singh | Honey Singh New Songs 2014,2014-08-26T14:05:31Z,PT9M58S,197083702,3691280,87275
T-Series,"Dil Tu Hi Bataa Full Song with Lyrics | Krrish 3 | Hrithik Roshan, Kangana Ranaut",2013-10-03T05:33:28Z,PT6M41S,194419926,501142,19067
T-Series,"Lyrical: Uska Hi Banana | 1920 Evil Returns | Arijit Singh | Aftab Shivdasani, Tia Bajpai",2018-12-17T04:30:02Z,PT5M48S,194279278,1625014,26546
T-Series,"Saaho: Bad Boy Song | Prabhas, Jacqueline Fernandez | Badshah, Neeti Mohan",2019-08-19T08:55:50Z,PT2M17S,192842740,1739978,36280
T-Series,OFFICIAL: 'Lovely' FULL VIDEO Song | Shah Rukh Khan | Deepika Padukone | Kanika Kapoor,2014-11-10T06:09:09Z,PT3M55S,191520160,1011235,23755
T-Series,Sanju: KAR HAR MAIDAAN FATEH Full Video Song | Ranbir Kapoor | Rajkumar Hirani,2018-07-28T08:45:00Z,PT3M32S,190315739,1629075,31930
T-Series,"LYRICAL: Tujhe Kitna Chahne Lage | Kabir Singh | Mithoon Feat. Arijit Singh | Shahid Kapoor, Kiara A",2019-06-07T07:33:22Z,PT4M53S,190151511,1556813,28463
T-Series,"Jug Jug Jeeve (Full Video) | Shiddat | Diana P, Mohit R | Sachet T Parampara T| Sachin - Jigar",2021-10-18T10:38:51Z,PT3M31S,190058734,1748262,14225
T-Series,"BEKHUDI Full Video Song | TERAA SURROOR | Himesh Reshammiya, Farah Karimaee | T-Series",2016-03-19T10:40:16Z,PT4M9S,189046070,1489340,40079
T-Series,"Atif Aslam: Musafir Song | Sweetiee Weds NRI | Himansh Kohli, Zoya Afroz | Palak  & Palash Muchhal",2017-05-15T07:12:25Z,PT3M,188170546,1607804,55220
T-Series,Hale Dil Tujhko Sunata Murder 2 Full Video Song | Emraan Hashmi,2011-07-19T13:51:00Z,PT6M4S,187377398,906613,16083
T-Series,"Full Song: Mere Sohneya | Kabir Singh | Shahid K, Kiara A, Sandeep V | Sachet - Parampara | Irshad K",2019-07-10T13:09:24Z,PT3M12S,187208333,1369716,15851
T-Series,Tumse Milke Dilka Jo Haal [Full Song] | Main Hoon Na | Shahrukh Khan,2011-05-22T19:40:14Z,PT5M41S,187121273,1516740,26377
T-Series,"""Kashmir Main Tu Kanyakumari"" Chennai Express Full Video Song | Shahrukh Khan, Deepika Padukone",2013-10-09T09:16:01Z,PT3M42S,186964707,1253287,20265
T-Series,Halka Halka Full Video | FANNEY KHAN | Aishwarya Rai Bachchan | Rajkummar Rao | Amit Trivedi,2018-08-10T10:30:59Z,PT3M9S,185574557,887780,12089
T-Series,"'Baaton Ko Teri' FULL VIDEO Song | Arijit Singh | Abhishek Bachchan, Asin | T-Series",2015-08-27T13:50:55Z,PT4M7S,185045223,861277,25479
T-Series,"Atrangi Re: Chaka Chak Full Video |@ARRahman| Akshay K, Sara A K, Dhanush, Shreya G, Bhushan K",2021-12-24T14:30:01Z,PT4M36S,182554615,958589,9908
T-Series,"Tenu Leke (Full Song) | Salaam-E-Ishq | Salman Khan, Rimi Sen, Priyanka Chopra",2011-05-24T18:48:33Z,PT4M20S,182302248,1066319,20108
T-Series,"Bhool Bhulaiyaa (Full Movie) Akshay Kumar, Vidya Balan, Shiney A, Paresh R, Priyadarshan | Bhushan K",2022-01-28T13:00:11Z,PT2H28M25S,181293276,2359643,31892
T-Series,"Full Video: Ek Toh Kum Zindagani | Marjaavaan  | Nora Fatehi | Tanishk B, Neha K, Yash N",2019-11-29T05:38:05Z,PT3M21S,180067072,696826,9277
T-Series,Aaj Phir Full Video Song | Hate Story 2 | Arijit Singh | Jay Bhanushali | Surveen Chawla,2014-08-02T06:48:40Z,PT4M17S,178888488,914906,13383
T-Series,"Hai Dil Ye Mera Full Video Song | Arijit Singh | Hate Story 2 | Jay Bhanushali, Surveen Chawla",2014-08-02T09:55:08Z,PT5M19S,177092621,1310779,33791
T-Series,Baby Doll Full Video Song Ragini MMS 2 | Sunny Leone | Meet Bros Anjjan Feat. Kanika Kapoor,2014-03-31T06:11:16Z,PT3M22S,176271107,1047718,19152
T-Series,'Khuda Bhi' FULL VIDEO Song | Sunny Leone | Mohit Chauhan | Ek Paheli Leela,2015-04-16T10:28:42Z,PT3M12S,175113702,1039727,22463
T-Series,"Tinku Jiya Full Song Yamla Pagla Deewana | Dharmendra, Bobby Deol",2011-05-30T05:34:10Z,PT2M57S,174846769,705449,11096
T-Series,"Arziyaan FULL VIDEO Song | Jigariyaa | Vikrant Bhartiya, Aishwarya Majmudar",2014-12-18T09:51:47Z,PT4M21S,173251700,1439587,23768
T-Series,"Aao Kabhi Haveli Pe Video | STREE |  Kriti Sanon | Badshah, Nikhita Gandhi, Sachin - Jigar",2018-08-22T05:32:02Z,PT3M7S,172904014,1083158,39009
T-Series,"Kya Karu (Full Song) Millind Gaba Feat Ashnoor | Parampara Tandon | Asli Gold, Shabby, Bhushan Kumar",2020-10-13T05:30:10Z,PT3M20S,172178058,2414184,136310
T-Series,"OFFICIAL: 'India Waale' FULL VIDEO Song |Happy New Year | Shah Rukh Khan, Deepika Padukone",2014-11-08T06:31:29Z,PT3M58S,172176129,1118977,29003
T-Series,Sukhe SUICIDE Full Video Song | T-Series | New Songs 2016 | Jaani | B Praak,2016-09-09T04:30:00Z,PT3M28S,172019028,1091119,21301
T-Series,Guru Randhawa: Nain Bengali (Official Video) David Zennie | Vee | Bhushan Kumar,2021-07-14T07:30:37Z,PT3M51S,171351999,1420746,117345
T-Series,'One Bottle Down' FULL VIDEO SONG | Yo Yo Honey Singh | T-SERIES,2015-03-19T03:30:01Z,PT3M8S,171156749,1505943,41131
T-Series,Jinke Liye (Official Video) | Neha Kakkar Feat. Jaani | B Praak | Arvindr Khaira | Bhushan Kumar,2020-03-31T05:32:16Z,PT4M43S,171094708,1958336,70415
T-Series,"Aashiqui 2 Hum Mar Jayenge Full Video Song | Aditya Roy Kapur, Shraddha Kapoor",2013-05-24T10:57:58Z,PT5M37S,170549198,1476121,31281
T-Series,"Party All Night Feat. Honey Singh (Full Video) Boss | Akshay Kumar, Sonakshi Sinha",2013-11-23T08:27:53Z,PT4M,170200755,1225557,18500
T-Series,Shaam Bhi Khoob Hai [Full Song] Karz- The Burden Of Truth,2011-05-30T13:01:29Z,PT4M28S,169149223,589538,16296
T-Series,"Sunn Raha Hai Na Tu Aashiqui 2 Full Video Song | Aditya Roy Kapur, Shraddha Kapoor",2013-05-13T13:07:57Z,PT8M36S,168465569,1845518,41073
T-Series,"LO MAAN LIYA Full Video Song | Raaz Reboot | Arijit Singh|Emraan Hashmi,Kriti Kharbanda,Gaurav Arora",2016-09-26T13:18:59Z,PT4M42S,168305680,1091056,23264
T-Series,"Humsafar (Video) | Varun Dhawan, Alia Bhatt | Akhil Sachdeva | ""Badrinath Ki Dulhania"" | T-Series",2017-02-17T09:00:08Z,PT3M8S,167367185,1018250,29906
T-Series,Ram Siya Ram (Full Song) Sachet Tandon | Poonam Thakkar | Shabbir Ahmed | Sidhika Sharma | T-Series,2021-02-22T03:30:16Z,PT4M19S,166893595,1657076,54192
T-Series,"Tere Hawaale (Full Video) Laal Singh Chaddha | Aamir,Kareena | Arijit,Shilpa | Pritam,Amitabh,Advait",2022-11-08T07:30:07Z,PT5M31S,166625781,1327753,17162
T-Series,Wah Wai Wahh Video | Neha Kakkar | Sukhe Muzical Doctorz | Jaani | Bhushan Kumar | New Song 2019,2019-10-03T10:32:49Z,PT2M58S,164653746,1192681,36479
T-Series,"Aap Ki Kashish Full Song with Lyrics | Aashiq Banaya Aapne | Emraan Hashmi, Tanushree Dutta",2012-08-09T12:41:42Z,PT5M22S,162784421,724440,19807
T-Series,Kaise Kahein Alvida Full Video Song | Yeh Saali Zindagi | Javed Ali,2012-06-16T07:32:10Z,PT2M15S,162808527,256486,2835
T-Series,"""Munni Badnaam Hui"" [Full Song] Dabangg | Feat. Malaika Arora Khan",2011-04-20T13:29:53Z,PT4M54S,162667408,849932,17198
T-Series,"Besharmi Ki Height | Full Video Song | Main Tera Hero | Varun Dhawan, Ileana D'Cruz, Nargis Fakhri",2014-04-12T08:56:17Z,PT4M17S,161903200,843767,17132
T-Series,Tulsi Kumar: Teri Ban Jaungi (Reprise Version) | T-Series Acoustics | Love Song 2019 | Kabir Singh,2019-08-17T05:33:24Z,PT3M5S,161799905,1369970,33954
T-Series,"Lyrical: Awara | Dabangg 3 | Salman Khan,Sonakshi S,Saiee M | Salman Ali, Muskaan | Sajid Wajid",2020-01-14T08:05:44Z,PT5M15S,161641462,1251910,22324
T-Series,"Full Song:Tera Ban Jaunga | Kabir Singh | Shahid K, Kiara A, Sandeep V | Tulsi Kumar, Akhil Sachdeva",2019-07-03T11:14:04Z,PT3M57S,160315983,1319385,16245
T-Series,'One Bottle Down' Full Song with LYRICS | Yo Yo Honey Singh | T-SERIES,2015-03-30T05:44:13Z,PT3M17S,160306412,1059903,14701
T-Series,Zaalima Coca Cola Song | Nora Fatehi | Tanishk Bagchi | Shreya Ghoshal | Vayu,2021-07-28T06:30:49Z,PT2M32S,159874353,1315292,54642
T-Series,"Yeh Jism Hai Toh Kya Full Video Song (Film Version) | Randeep Hooda, Sunny Leone",2012-09-02T08:34:02Z,PT1M43S,159802152,402439,2861
T-Series,Dilbar Arabic Version | Fnaire Feat. Nora Fatehi,2018-11-30T10:00:59Z,PT3M51S,159264495,1728701,90249
T-Series,"Hangover Full Video Song | Kick | Salman Khan, Jacqueline Fernandez | Meet Bros Anjjan",2014-08-19T08:28:45Z,PT5M6S,159266566,918256,23972
T-Series,"MOVIE: Dhokha Song | Arijit Singh | Khushalii Kumar, Parth, Nishant, Manan B, Mohan S V, Bhushan K",2022-02-10T05:30:13Z,PT4M53S,158321185,1914009,37908
T-Series,"ISHQ MUBARAK Full Video Song || Tum Bin 2 || Arijit Singh | Neha Sharma, Aditya Seal & Aashim Gulati",2016-11-24T13:18:27Z,PT4M53S,157998356,1308359,24481
T-Series,DEVIL Lyrical Video | PBX 1 | Sidhu Moose Wala | Byg Byrd |  Latest Punjabi Songs 2018,2018-11-21T07:27:19Z,PT4M24S,157735646,1805032,36755
T-Series,"O Khuda Full Song with LYRICS | Hero | Sooraj Pancholi, Athiya Shetty | Amaal Mallik | T-Series",2015-09-09T13:17:44Z,PT5M23S,157647727,1319049,27398
T-Series,"LUV LETTER VIDEO SONG | The Legend of Michael Mishra | MEET BROS,KANIKA KAPOOR | T-Series",2016-07-18T07:30:00Z,PT3M19S,156754057,998374,19593
T-Series,"""Allah Maaf Kare Full Song Desi Boyz"" Feat. Akshay Kumar, Chitrangada Singh",2012-01-12T13:15:54Z,PT3M21S,155071845,746746,13937
T-Series,"""Subhanallah""  Full Video Song | Yeh Jawaani Hai Deewani | Pritam | Ranbir Kapoor, Deepika Padukone",2013-07-08T07:55:57Z,PT3M26S,154634048,805614,11830
T-Series,"Roke Na Ruke Naina Lyrical Video | Arijit Singh | Varun, Alia | Amaal Mallik""Badrinath Ki Dulhania""",2017-03-09T07:10:30Z,PT4M39S,153934320,1152337,21837
T-Series,"LYRICAL: Photo Song | Luka Chuppi | Kartik Aaryan, Kriti Sanon |Karan S |Goldboy |TanishkB | Nirmaan",2019-02-19T12:32:09Z,PT3M17S,153303176,1041200,23267
T-Series,"Yeh Tune Kya Kiya Song Once upon A Time In Mumbaai Dobara | Pritam | Akshay Kumar, Sonakshi Sinha",2013-09-20T06:00:55Z,PT5M4S,152968044,1660989,25452
T-Series,Character Dheela (Full Song) Ready I Salman Khan I Zarine Khan | Pritam,2011-11-10T10:23:30Z,PT3M38S,152794729,861944,18827
T-Series,Call Aundi Video Song | ZORAWAR | Yo Yo Honey Singh | T-Series,2016-04-24T08:42:47Z,PT3M19S,152462192,1452592,33325
T-Series,Full Video: Ranjithame - Varisu (Tamil) | Thalapathy Vijay | Rashmika | Vamshi Paidipally | Thaman S,2023-02-06T05:12:31Z,PT5M2S,152269383,927605,13409
T-Series,"""Jhak Maar Ke Full Song Desi Boyz"" | Deepika Padukone | John Abraham",2012-01-04T12:06:57Z,PT4M16S,149651577,708197,13314
T-Series,"CHALE AANA : De De Pyaar De I Ajay Devgn, Tabu, Rakul Preet l Armaan Malik, Amaal Mallik, Kunaal V",2019-05-02T06:32:03Z,PT2M59S,148318697,1076992,31070
T-Series,"YAAD HAI NA  FUll Video Song | Raaz Reboot |Arijit Singh |Emraan Hashmi,Kriti Kharbanda,Gaurav Arora",2016-09-27T12:54:13Z,PT4M27S,147921831,759433,21560
T-Series,Dil Ke Badle Sanam (Full Song) Film - Kyon Ki ...It'S Fate,2011-05-24T17:44:21Z,PT3M1S,147844326,396092,7123
T-Series,Offical Video: Ik Kahani Song | Gajendra Verma | Vikram Singh | Ft. Halina K | T-Series,2017-11-22T04:30:00Z,PT3M27S,147804005,1727529,26451
T-Series,Guru Randhawa TERE TE ft. Ikka | Bhushan Kumar | Zaara Y | Director Gifty | Vee Abhijit V | T-Series,2018-11-27T05:32:29Z,PT3M13S,147732133,1389370,96052
T-Series,"Yeh Jism Full Video Song ★ Jism 2 ★ Randeep Hooda, Sunny Leone",2012-11-27T10:22:25Z,PT3M49S,147276392,906561,14459
T-Series,"One Two Three Four Chennai Express Full Video Song | Shahrukh Khan, Deepika Padukone",2013-09-13T10:19:35Z,PT3M52S,147041328,1096655,14343
T-Series,"Ram Siya Ram (Lyrical) Adipurush | Prabhas | Sachet-Parampara,Manoj Muntashir S |Om Raut | Bhushan K",2023-06-07T12:30:20Z,PT4M11S,146333045,1224517,31438
T-Series,Tera Hua Video Song With Lyrics | Atif Aslam | Loveyatri | Aayush Sharma | Warina Hussain |Tanishk B,2018-09-05T12:30:00Z,PT3M52S,144383000,949589,20597
T-Series,Aa Toh Sahii Song (Lyrics) | Judwaa 2 | Varun | Jacqueline | Taapsee | Meet Bros | Neha Kakkar,2017-09-25T15:30:02Z,PT4M1S,144037159,595411,11382
T-Series,Ik Vaari Aa Full Song | Raabta | Sushant Singh Rajput & Kriti Sanon | Pritam Arijit Singh Amitabh B,2017-06-14T16:02:44Z,PT3M47S,142922418,1158656,35727
T-Series,Devil-Yaar Naa Miley FULL VIDEO SONG | Salman Khan | Yo Yo Honey Singh | Kick,2014-08-20T06:44:49Z,PT3M40S,141822343,877350,14825
T-Series,"Oh Humsafar Lyrical | Neha Kakkar, Himansh Kohli | Tony Kakkar | Bhushan Kumar | Manoj Muntashir",2018-04-23T11:30:01Z,PT5M50S,141786282,553628,18992
T-Series,"Malang Sajna (Video) Sachet Tandon, Parampara Tandon | Adil Shaikh, Kumaar | Bhushan Kumar",2022-12-19T05:30:07Z,PT2M38S,141124320,1125045,11183
T-Series,"SURMA KAALA Song | Jassie Gill Ft Rhea Chakraborty | Snappy, Jass Manak | Arvindr Khaira | T-Series",2019-04-12T04:32:00Z,PT3M34S,138818507,1347718,40013
T-Series,"""Aila Re Aila"" Full Song Khatta Meetha | Akshay Kumar, Trisha Krishnan",2011-04-21T14:28:36Z,PT3M31S,138809580,815281,10219
T-Series,"""Sawan Aaya Hai"" FULL VIDEO Song | Arijit Singh | Bipasha Basu | Imran Abbas Naqvi",2014-09-24T08:05:21Z,PT3M17S,138542854,912701,25183
T-Series,"Barbaadiyan (Full Video)| Shiddat |Sunny K,Radhika M |Sachet T,Nikhita G, Madhubanti B|Sachin -Jigar",2021-10-16T10:30:08Z,PT4M2S,137570202,1124478,9507
T-Series,Ghar Se Nikalte Hi Song | Amaal Mallik Feat. Armaan Malik | Bhushan Kumar | Angel,2018-04-04T04:44:08Z,PT5M,137202420,1394088,42112
T-Series,Atif A: Dekhte Dekhte Song | Batti Gul Meter Chalu | Shahid K Shraddha K | Nusrat Saab Rochak Manoj,2018-08-21T05:31:03Z,PT2M38S,136534384,1138522,53887
T-Series,"Hasina Pagal Deewani: Indoo Ki Jawani (Full Song) Kiara Advani, Aditya S | Mika S,Asees K,Shabbir A",2020-12-16T11:30:04Z,PT3M25S,136334148,663592,7800
T-Series,"'Tu Hai Ki Nahi' FULL VIDEO Song | Roy | Ankit Tiwari | Ranbir Kapoor, Jacqueline Fernandez, Tseries",2015-02-23T13:30:25Z,PT4M19S,134877946,916922,19069
T-Series,"Kyo Kisi Ko (Video Song)| Tere Naam | Salman Khan, Bhumika Chawla  |Udit Narayan, Himesh Reshammiya",2021-09-29T09:57:58Z,PT5M3S,133272900,1137673,27283
T-Series,Jassie Gill: Oye Hoye Hoye | Simar Kaur | Dhanashree | Avvy Sra |Happy Raikoti | Bhushan K | Arvindr,2021-03-12T05:29:58Z,PT3M1S,133156615,1751438,38191
T-Series,"Naam Official Video | Tulsi Kumar Feat. Millind Gaba | Jaani |Nirmaan,Arvindr Khaira | Bhushan Kumar",2020-07-27T05:30:30Z,PT4M19S,131667371,1213002,51195
T-Series,"Ammy Virk: Main Suneya Video Song Feat. Simran Hundal, Rohaan |SunnyV, Raj |Navjit B | Bhushan Kumar",2020-05-28T05:30:43Z,PT5M23S,131388433,1462360,23893
T-Series,"Full Video: Mauja Hi Mauja | Jab We Met | Shahid kapoor, Kareena Kapoor | Mika Singh |  Pritam",2011-07-27T12:32:57Z,PT3M48S,130409233,538087,11247
T-Series,PHIR KABHI Full Video Song | M.S. DHONI -THE UNTOLD STORY |Arijit Singh| Sushant Singh Disha Patani,2016-11-05T11:27:40Z,PT3M36S,129779314,1123516,24487
T-Series,"Arijit Singh: DESH MERE Song | Ajay D, Sanjay D, Ammy V | Arko, Manoj M | Bhuj: The Pride Of India",2021-08-06T07:29:41Z,PT3M9S,128258537,2242299,64938
T-Series,Chalti Hai Kya 9 Se 12 Full Song | Judwaa 2 | Varun | Jacqueline | Taapsee | David Dhawan |Anu Malik,2017-10-12T12:10:55Z,PT4M8S,128097907,389591,15690
T-Series,"Tumse Bhi Zyada (Lyrical) | Tadap | Ahan Shetty, Tara Sutaria | Pritam, Arijit Singh | 3 Dec 21'",2021-11-10T13:32:38Z,PT5M35S,127875711,1202774,14799
T-Series,"LYRICAL: Kaise Mujhe | Ghajini | Aamir Khan, Asin | Benny Dayal, Shreya Ghosal | A.R. Rahman",2019-03-18T06:30:04Z,PT6M3S,127624175,962036,31231
T-Series,"Lyrical: Yeh Ishq Hai | Jab We Met | Kareena Kapoor, Shahid Kapoor | Pritam | Shreya Ghoshal",2020-04-27T15:01:51Z,PT4M57S,127336007,751366,9129
T-Series,Tajdar E Haram Full Video | Satyameva Jayate | John Abraham |  Manoj Bajpayee | Sajid Wajid,2018-08-22T11:46:02Z,PT4M32S,126149690,566965,23046
T-Series,"Din Shagna Da Lyrical Video  | Phillauri | Anushka Sharma, Diljit Dosanjh | Jasleen Royal",2017-04-14T13:27:00Z,PT3M36S,126143888,945244,14169
T-Series,Kaun Nachdi (Video) | Sonu Ke Titu Ki Sweety | Guru Randhawa | Neeti Mohan,2018-03-01T07:30:01Z,PT2M35S,125976083,568931,9754
T-Series,"Marjaavaan: Thodi Jagah Video | Riteish D, Sidharth M, Tara S | Arijit Singh | Tanishk Bagchi",2019-10-18T07:30:22Z,PT3M14S,125366317,1327811,31141
T-Series,Tu Jo Mila Raabta | Shirley Setia Jubin Nautiyal | T-Series Mixtape | Bhushan Kumar Ahmed K Abhijit,2017-06-26T08:31:34Z,PT5M15S,125114163,1118826,21779
T-Series,"Tum Se Hi Lyrcial | Jab We Met | Kareena Kapoor, Shahid Kapoor | Mohit Chauhan | Pritam",2020-04-24T09:30:00Z,PT5M39S,124124535,650155,10640
T-Series,"Humraah Full Song | Malang | Aditya R K, Disha P Anil K Kunal K | Sachet T | Mohit S | Fusion P",2020-02-15T09:35:23Z,PT5M,123682391,703885,12526
T-Series,"Atrangi Re: Rait Zara Si Full Video |@ARRahman|Akshay, Dhanush,Sara,Arijit, Shashaa | Bhushan K",2021-12-27T07:30:00Z,PT5M5S,123318423,949844,12647
T-Series,"Full Video:Ankhiyon Se Goli Mare | Pati Patni Aur Woh | Kartik A, Bhumi P, Ananya P |Mika S, Tulsi K",2019-12-16T06:51:19Z,PT3M11S,122029069,564612,8763
T-Series,"Meri Zindagi Hai Tu Full Video | Satyameva Jayate 2 | John A, Divya K | Rochak ft Jubin, Neeti",2021-12-15T09:30:16Z,PT4M56S,121885625,820072,11446
T-Series,"''Tujhe Bhula Diya"" (Full Song) Anjaana Anjaani | Ranbir Kapoor, Priyanka Chopra",2011-03-18T08:25:33Z,PT4M19S,120939167,1309059,22792
T-Series,"Haseeno Ka Deewana Full Video Song | Kaabil | Hrithik Roshan, Urvashi Rautela | Raftaar & Payal Dev",2017-02-15T06:30:00Z,PT3M45S,120581933,614288,12135
T-Series,"Hanuman Chalisa | Hanuman Da Damdaar | Sneha Pandit,Taher Shabbir",2017-05-02T05:38:27Z,PT4M6S,118913913,626146,0
T-Series,"Chitta (Full Video) | Shiddat | Sunny Kaushal, Radhika Madan, Mohit R ,Diana P | Manan Bhardwaj",2021-10-17T13:30:05Z,PT4M,117910794,989146,11869
T-Series,O Jaana (Full Song) Film - Tere Naam,2011-05-24T23:13:22Z,PT4M39S,117643944,499762,14108
T-Series,SANJU: Main Badhiya Tu Bhi Badhiya Full Video Song | Ranbir Kapoor | Sonam Kapoor,2018-07-28T05:30:02Z,PT4M39S,116497656,679118,12625
T-Series,Zindagi Kuch Toh Bata (Reprise) Full Song with LYRICS Pritam | Salman Khan | Bajrangi Bhaijaan,2015-07-22T07:55:56Z,PT4M19S,116243940,1171627,16564
T-Series,"""Make Some Noise For Desi Boyz"" Title Song | Desi Boyz | Akshay Kumar, John Abraham Kumaar",2012-01-03T07:14:47Z,PT4M6S,116247944,794492,10743
T-Series,"Oh Ho Ho Ho (Remix) Lyrical Video | Irrfan Khan ,Saba Qamar | Sukhbir, Ikka",2017-05-19T11:45:16Z,PT4M5S,114956334,615292,7175
T-Series,"Baarish Yaariyan Full Video Song (Official) | Himansh Kohli, Rakul Preet | Divya Khosla Kumar",2014-01-20T06:53:30Z,PT3M49S,114526959,1085428,22535
T-Series,"Full Video: Bimar Dil | Pagalpanti | Urvashi,John,Arshad,Ileana, Pulkit| Asees K, Jubin N, Tanishk B",2019-12-03T04:30:02Z,PT4M19S,113904472,879316,10447
T-Series,"Chogada Video Song | Loveyatri | Aayush Sharma | Warina Hussain | Darshan Raval, Lijo-DJ Chetas",2018-08-14T05:30:20Z,PT2M34S,113484228,781726,26997
T-Series,Main Ishq Uska [Full Song] Vaada,2011-05-30T13:22:50Z,PT4M18S,113196839,384132,8027
T-Series,"Ilahi Full Video Song | Yeh Jawaani Hai Deewani | Ranbir Kapoor, Deepika Padukone | Pritam",2013-06-07T03:30:30Z,PT3M24S,112284735,692941,9106
T-Series,"Jhaanjar (Full Video) Honeymoon (ਹਨੀਮੂਨ) | B Praak, Jaani | Gippy Grewal, Jasmin Bhasin | Bhushan K",2022-10-29T11:30:01Z,PT4M9S,111818100,711696,6242
T-Series,"LYRICAL: DIL JAANIYE | Khandaani Shafakhana | Sonakshi S, Priyansh | Jubin N ,Tulsi Kumar,Payal Dev",2019-07-22T13:14:02Z,PT5M2S,111640141,730296,10114
T-Series,"Rozana Full Video Song | Naam Shabana | Akshay Kumar, Taapsee Pannu, Taher Shabbir I Shreya, Rochak",2017-05-02T12:30:00Z,PT4M30S,110637682,810586,13000
T-Series,Jubin Nautiyal: Meri Maa Ke Barabar Koi Nahi | Payal Dev | Manoj Muntashir | Lovesh N |Bhushan Kumar,2021-10-05T02:30:08Z,PT5M28S,110452730,2001965,49028
T-Series,"LYRICAL: Love Mera Hit Hit | Billu | Shahrukh Khan, Deepika Padukone | Neeraj Shridhar, Tulsi Kumar",2019-06-16T11:00:02Z,PT5M7S,109925646,533168,9410
T-Series,"Jubin Nautiyal: Mere Ghar Ram Aaye Hain | Dipika C | Manoj Muntashir, Payal Dev, Lovesh N |Bhushan K",2022-10-20T03:30:08Z,PT5M9S,109644233,1787771,49732
T-Series,"Lyrical: Khud Ko Tere Paas | 1920 Evil Returns | Aftab Shivdasani, Tia Bajpai",2018-12-17T12:30:00Z,PT5M27S,109323178,747652,15208
T-Series,"Bewafa Tera Muskurana Song | Meet Bros Ft. Jubin Nautiyal |Himansh K,Akanksha P|Rashmi V Bhushan K",2021-08-09T05:31:05Z,PT5M46S,109348898,1160237,30478
T-Series,"Lyrical: Chashni Song | Bharat | Salman Khan, Katrina Kaif |Vishal & Shekhar ft. Abhijeet Srivastava",2019-05-06T13:00:12Z,PT4M46S,107434308,650639,11477
T-Series,Lift Teri Bandh Hai Song | Judwaa 2 | Varun | Jacqueline | Taapsee | David Dhawan | Anu Malik,2017-09-07T08:30:47Z,PT2M13S,106909371,403354,16518
T-Series,"Full Video: Aithey Aa | Bharat | Salman Khan,Katrina Kaif |Vishal & Shekhar ft. Akasa, Neeti, Kamaal",2019-06-13T12:32:59Z,PT3M40S,105605824,532539,8585
T-Series,"DIL CHEEZ TUJHE DEDI Full Video Song | AIRLIFT | Akshay Kumar | Ankit Tiwari, Arijit Singh",2016-02-05T05:57:27Z,PT3M15S,105376654,875114,10920
T-Series,Har Funn Maula (Video Song) Koi Jaane Na | Aamir Khan | Elli A | Vishal D Zara K Tanishk B Amitabh B,2021-03-10T05:29:56Z,PT3M17S,105404105,1275186,42877
T-Series,"Laung Da Lashkara (Official full song) ""Patiala House"" | Feat. Akshay Kumar",2011-09-19T10:50:48Z,PT4M34S,105374967,787940,12236
T-Series,"SAAHO Trailer | Prabhas, Shraddha Kapoor, Neil Nitin Mukesh | Bhushan Kumar | Sujeeth | Vamsi Pramod",2019-08-10T13:00:17Z,PT2M48S,104829162,1293003,51707
T-Series,"Full Video: Koi Aaye Na Rabba | DAAKA | Gippy Grewal, Zareen Khan | Rochak Feat. B Praak | Kumaar",2019-12-07T10:36:56Z,PT4M,104519728,1105759,21017
T-Series,"""Ooh La La Tu Hai Meri Fantasy Full Song"" | ""The Dirty Picture"" | Vidya Balan",2011-12-22T13:24:13Z,PT3M55S,103077017,526619,9371
T-Series,"Tenu Lehenga Song: Satyameva Jayate 2 | John A, Divya K |Tanishk B, Zahrah SK, Jass M|In Cinemas Now",2021-11-05T05:30:13Z,PT3M40S,102392355,947164,19251
T-Series,"Full Song: Pehla Pyaar | Kabir Singh | Shahid Kapoor, Kiara Advani | Armaan Malik | Vishal Mishra",2019-07-06T05:53:47Z,PT4M33S,101103817,826490,10682
T-Series,"Sooryavanshi: Mere Yaaraa Song | Akshay Kumar, Katrina Kaif, Rohit Shetty, Arijit S Neeti | JAM8 KAG",2021-10-27T05:30:13Z,PT2M54S,99528850,1181482,31586
T-Series,"""Senorita Zindagi Na Milegi Dobara"" Full HD Video Song | Farhan Akhtar, Hrithik Roshan, Abhay Deol",2012-09-22T13:48:30Z,PT3M52S,98737728,560577,7015
T-Series,"RAAZ AANKHEIN TERI Full Song | Raaz Reboot |Arijit Singh |Emraan Hashmi,Kriti Kharbanda,Gaurav Arora",2016-09-26T13:03:44Z,PT4M51S,98110419,663051,12645
T-Series,"LUDO: Aabaad Barbaad (Full VIdeo) Abhishek B, Aditya K, Rajkummar R, Sanya, Fatima | Arijit, Pritam",2020-11-21T08:00:13Z,PT5M23S,97462885,536643,6256
T-Series,"Tulsi Kumar: Ik Yaad Purani Song Feat. Khushali Kumar | New Hindi Song | Jashan Singh, Shaarib Toshi",2017-10-27T05:32:10Z,PT5M1S,97445955,703048,31253
T-Series,Full Video: Aa Toh Sahii Song | Judwaa 2 | Varun | Jacqueline | Taapsee | Meet Bros | Neha Kakkar,2017-10-12T13:06:54Z,PT3M36S,96979748,478998,11811
T-Series,"Aashiqui Aa Gayi (Full Video) Radhe Shyam | Prabhas, Pooja Hegde | Mithoon, Arijit Singh | Bhushan K",2022-03-22T12:30:11Z,PT4M16S,96087960,843614,10879
T-Series,Full Video: Jimikki Ponnu (Tamil) Varisu | Thalapathy Vijay | Thaman S | Vamshi Paidipally,2023-02-12T04:30:05Z,PT3M56S,95791457,661279,8892
T-Series,"Dil Lauta Do (Lyrical) | Jubin Nautiyal, Payal Dev | Sunny K, Saiyami K | Kunaal V | Navjit B",2021-08-16T07:00:01Z,PT5M21S,94923237,523240,7334
T-Series,"Shiddat Title Track (Full Video) |Sunny Kaushal,Radhika Madan, Mohit Raina, Diana P | Manan Bhardwaj",2021-10-15T08:30:05Z,PT4M4S,94671371,1025833,11931
T-Series,"Full Video: Masakali | Delhi 6 | Abhishek Bachchan, Sonam Kapoor | A.R. Rahman |  Mohit Chauhan",2011-04-20T13:08:01Z,PT3M58S,92595242,958675,29112
T-Series,"Atrangi Re: Chaka Chak |@ARRahman| Akshay K, Sara A K, Dhanush, Shreya,Irshad,Aanand, Bhushan K",2021-11-29T04:30:09Z,PT2M12S,92122426,814183,14906
T-Series,"'Tu Chale' FULL VIDEO Song | '|' | Shankar, Chiyaan Vikram | Arijit Singh | A.R Rahman",2015-02-28T11:59:08Z,PT4M52S,90523937,811323,16887
T-Series,"Full Video: Tum Se Hi | Jab We Met | Kareena Kapoor, Shahid Kapoor | Mohit Chauhan | Pritam",2011-05-30T05:39:37Z,PT4M18S,89734908,816859,15323
T-Series,"Mere Liye Tum Kaafi Ho Song | Shubh Mangal Zyada Saavdhan | Ayushman Khurana,Jeetu | Tanishk - Vayu",2020-02-04T05:34:28Z,PT2M5S,89060940,1054449,14207
T-Series,Padmaavat: Ek Dil Ek Jaan Video Song | Deepika Padukone | Shahid Kapoor | Sanjay Leela Bhansali,2017-11-11T06:14:19Z,PT2M26S,88838779,586309,15903
T-Series,Unke Nashe Mein (Full Song) | Shoot Out At Lokhandwala,2011-05-24T19:18:49Z,PT4M48S,88808266,362278,5108
T-Series,"Chogada Full Video Song | Loveyatri | Aayush Sharma | Warina Hussain | Darshan Raval, Lijo-DJ Chetas",2018-10-25T08:28:59Z,PT4M35S,88309737,564318,13113
T-Series,"Lyrical: Le Le Mazaa Le | Wanted | Salman Khan, Ayesha Takia | Sajid -Wajid",2020-04-12T11:42:28Z,PT4M32S,88208014,418282,4446
T-Series,"LYRICAL: Chal Ghar Chalen | Malang | Aditya R K, Disha P | Mithoon ft. Arijit Singh, Sayeed Quadri",2020-01-19T06:30:00Z,PT5M58S,87361495,682992,11582
T-Series,Ik Vaari Aa | Raabta | Sushant Singh Rajput & Kriti Sanon | Pritam Arijit Singh Amitabh Bhattacharya,2017-04-21T07:37:10Z,PT2M40S,86269298,297007,7643
T-Series,"""Ambarsariya Fukrey"" Song By Sona Mohapatra | Pulkit Samrat, Priya Anand",2013-05-22T11:47:35Z,PT2M29S,86261909,676453,8493
T-Series,I'll Be Waiting (Kabhi Jo Baadal) Arjun Feat.Arijit Singh | Full Video Song (HD),2014-04-23T10:19:10Z,PT4M24S,86002841,756400,13333
T-Series,"ZERO: Mere Naam Tu Full Song | Shah Rukh Khan, Anushka Sharma, Katrina Kaif | Ajay-Atul |T-Series",2019-01-08T12:30:03Z,PT5M37S,86034538,810321,22070
T-Series,"Tinku Jiya Lyrical Video | Yamla Pagla Deewana | Dharmendra, Bobby Deol",2018-10-09T10:53:56Z,PT3M7S,85550094,547569,5417
T-Series,"Titli Chennai Express Full Video Song | Shahrukh Khan, Deepika Padukone",2013-09-30T09:42:26Z,PT3M54S,85512761,651041,10400
T-Series,"Yaariyan Love Me Thoda Aur (Full Video) |Arijit Singh |Himansh K, Rakul P|Pritam |Divya Khosla Kumar",2014-01-22T08:30:01Z,PT4M34S,85503630,863163,13137
T-Series,"Patakha Guddi Highway Full Video Song (Official) || A.R Rahman | Alia Bhatt, Randeep Hooda",2014-04-03T08:32:42Z,PT4M9S,85494344,536473,8597
T-Series,'Bhar Do Jholi Meri' FULL VIDEO Song - Adnan Sami | Bajrangi Bhaijaan | Salman Khan Pritam,2015-08-26T12:57:34Z,PT6M45S,85249738,881534,22834
T-Series,"'AGAR TUM SAATH HO' Full VIDEO song | Tamasha | Ranbir Kapoor, Deepika Padukone | T-Series",2015-12-09T09:22:59Z,PT3M12S,85090350,1035753,14487
T-Series,Where is Pushpa? | Pushpa 2 - The Rule 🔥 | Hindi | Allu Arjun | Sukumar | Rashmika | Fahadh Faasil,2023-04-07T10:34:58Z,PT3M15S,84705446,2673865,68840
T-Series,"Kuch Baatein Song | Payal Dev, Jubin Nautiyal | Kunaal Vermaa | Ashish Panda | Gurmeet C, Bhushan K",2022-03-10T05:30:11Z,PT4M59S,84729080,1053090,23103
T-Series,Luck Di Kasam Video | Ramji Gulati | Avneet Kaur | Siddharth Nigam | Vikram Nagi |  Mack | T-Series,2020-03-13T05:31:07Z,PT3M5S,83956735,1165981,101191
T-Series,"Bhool Bhulaiyaa 2 (Trailer) Kartik A, Kiara A, Tabu | Anees B, Bhushan K, Murad K, Anjum K, Pritam",2022-04-26T07:30:13Z,PT3M12S,83104502,1816863,83207
T-Series,Sau Tarah Ke Full Video Song | Dishoom | John Abraham | Varun Dhawan | Jacqueline Fernandez| Pritam,2016-08-15T08:30:01Z,PT3M57S,82399218,461181,6493
T-Series,"Manike (Full Video): Thank God | Nora,Sidharth| Tanishk,Yohani,Jubin,Surya R |Rashmi Virag|Bhushan K",2022-10-30T05:30:10Z,PT3M59S,81827556,459952,5409
T-Series,Full Video: Sanu Ek Pal Chain Song | Raid | Ajay Devgn | Ileana D'Cruz | Raid In Cinemas Now,2018-03-20T14:30:02Z,PT3M28S,81667341,363952,5915
T-Series,"Jubin Nautiyal: Shri Krishna Govind Hare Murari | Raaj Aashoo, Murali A | Bhushan Kumar | T-Series",2020-08-07T03:32:30Z,PT2M35S,80108750,943948,22904
T-Series,"Lyrical: Jag Soona Soona Lage | Om Shanti Om | Shahrukh Khan, Deepika Padukon",2019-09-02T10:30:01Z,PT5M51S,79708059,745338,17525
T-Series,"Full Video: Guzarish | Ghajini | Aamir Khan, Asin | A.R. Rahman | Javed Ali, Sonu Nigam",2011-04-20T13:50:02Z,PT5M7S,79598991,833529,25231
T-Series,"Shaamat (Full Video) - Ek Villain Returns | John, Disha, Arjun, Tara | Ankit, Prince, Mohit, Ektaa K",2022-08-06T11:30:21Z,PT5M32S,79169394,540416,6235
T-Series,"Street Dancer 3D (Trailer) Varun D, Shraddha K,Prabhudeva, Nora F | Remo D | Bhushan K|24th Jan 2020",2019-12-18T07:32:14Z,PT2M52S,78941197,1026361,32825
T-Series,"TERI YAAD (REPRISE) Full Video Song | TERAA SURROOR | Himesh Reshammiya, Farah Karimaee | T-Series",2016-03-21T08:27:25Z,PT4M18S,78757980,383914,8843
T-Series,"Meri Aashiqui Ab Tum Hi Ho Female Full Video Song Aashiqui 2 | Aditya Roy Kapur, Shraddha Kapoor",2013-05-28T09:30:49Z,PT2M23S,78561177,632623,13193
T-Series,"Tera Naam Video | Tulsi Kumar, Darshan Raval | Manan Bhardwaj | Navjit Buttar | Bhushan Kumar",2021-10-05T05:30:11Z,PT4M24S,78293945,1188870,68988
T-Series,"Oh Ho Ho Ho (Remix) Full Video Song | Irrfan Khan  | Sukhbir, Ikka",2017-06-03T16:30:00Z,PT2M32S,78092868,339696,3657
T-Series,BHARAT | Official Trailer | Salman Khan | Katrina Kaif | Movie Releasing On 5 June 2019,2019-04-22T08:30:00Z,PT3M12S,77890595,1296719,88990
T-Series,Mere Baba Song: Jubin Nautiyal | Payal Dev | Manoj Muntashir | Kashan Shahid | Bhushan K,2022-02-26T03:30:10Z,PT5M8S,77382573,1210253,25627
T-Series,"Lyrical: Aaoge Jab Tum | Jab We Met | Kareena  Kapoor, Shahid Kapoor | Ustad Rashid Khan",2020-05-10T07:05:28Z,PT6M15S,76406338,490589,12961
T-Series,"Adayein Bhi Hain- Mere Mehboob Mein Full Video | Dil Hai Ke Manta Nahin | Aamir Khan, Pooja Bhatt",2011-04-20T10:49:27Z,PT5M17S,76068205,355559,11393
T-Series,"Malang: Chal Ghar Chalen | Aditya Roy Kapur, Disha Patani | Mithoon ft. Arijit Singh, Sayeed Quadri",2020-01-10T06:31:36Z,PT3M7S,75342097,897479,17479
T-Series,"ARIJIT SINGH VERSION: Bekhayali Full Song | Kabir Singh | Shahid K,Kiara A | Sandeep Reddy V| Irshad",2019-07-06T12:58:05Z,PT5M54S,75107969,626163,10836
T-Series,"Kabir Singh : Kaise Hua Song | Shahid K, Kiara A, Sandeep V | Vishal Mishra, Manoj Muntashir",2019-06-13T10:34:11Z,PT2M48S,73370377,821015,13132
T-Series,"Raabta Title Song (Full Video) | Deepika Padukone, Sushant Singh Rajput, Kriti Sanon | Pritam, Jam 8",2017-06-15T13:30:40Z,PT3M35S,73318548,556506,10468
T-Series,"'Billo Rani' LYRICAL | Dhan Dhana Dhan Goal |John Abraham | Pritam | Anand Raaj Anand, Richa Sharma",2020-05-27T15:52:47Z,PT5M51S,73350755,493398,5795
T-Series,"Full Song:  DIL JAANIYE | Khandaani Shafakhana |Sonakshi S, Priyansh |Jubin N ,Tulsi Kumar,Payal Dev",2019-08-13T12:34:06Z,PT4M40S,73178233,508662,6437
T-Series,"Rim Jhim (Lyrical) | Jubin Nautiyal | Ami Mishra | Parth S, Diksha S | Kunaal V | Ashish P",2021-10-14T07:26:32Z,PT4M7S,72893650,327368,4892
T-Series,"Aaj Ro Len De Lyrical | 1920 LONDON | Sharman Joshi, Meera Chopra, Shaarib and Toshi",2020-07-02T14:00:04Z,PT5M,72662126,565760,10043
T-Series,Maa (Song) | Taare Zameen Par | Shankar Mahadevan,2011-05-24T20:39:41Z,PT4M46S,71784237,1060300,38345
T-Series,LYRICAL: Guzarish  | Ghajini feat. Aamir Khan | Asin | Love Song | T-Series,2019-03-14T13:00:04Z,PT5M48S,71026983,354208,8527
T-Series,"Mast Magan FULL Video Song | 2 States | Arijit Singh | Arjun Kapoor, Alia Bhatt",2014-05-16T06:13:37Z,PT3M44S,70800184,742453,10564
T-Series,"Lyrical Video: Saathiya | Singham | Ajay Devgan, Kajal Aggarwal",2018-11-06T11:30:16Z,PT5M31S,70786807,434141,4070
T-Series,Thoda Aur Video Song I T-Series Acoustics | Neha Kakkar⁠⁠⁠⁠ | T-Series,2017-10-07T09:37:22Z,PT3M7S,70290450,600400,21968
T-Series,"Lyrical: Labon Ko | Bhool Bhulaiyaa | Pritam | K.K.| Akshay Kumar, Shiney Ahuja, Vidya Balan",2020-03-29T08:30:00Z,PT5M36S,70031232,621541,12827
T-Series,Character Dheela With Lyrics | Ready I Salman Khan I Zarine Khan | Pritam,2018-11-22T12:30:01Z,PT4M6S,67697410,341200,4427
T-Series,"Full Song: Tujhe Kitna Chahein Aur (Film Version) | Kabir Singh | Shahid K, Kiara A | Mithoon |Jubin",2019-07-09T12:20:34Z,PT4M23S,66535791,622996,11245
T-Series,Full Video: Lo Safar Song | Baaghi 2 | Tiger Shroff | Disha P | Mithoon | Jubin N | Ahmed K |Sajid N,2018-04-03T11:29:32Z,PT2M37S,66187438,487372,13227
T-Series,"Lyrical: TERI YAAD (REPRISE)  | TERAA SURROOR | Himesh Reshammiya, Farah Karimaee | T-Series",2020-08-24T13:30:02Z,PT5M23S,66100532,274526,4535
T-Series,"Tip Tip Lyrical: Sooryavanshi | Akshay Kumar, Katrina Kaif | Udit N, Alka Y, Tanishk | Rohit Shetty",2021-12-23T05:30:06Z,PT4M29S,65977536,295386,2653
T-Series,"Lyrical Video: Dildara Song | Ra.One | ShahRukh Khan, Kareena Kapoor",2018-10-30T06:24:38Z,PT4M30S,65094334,709617,12509
T-Series,"Luka Chuppi: Photo Full Video | Kartik Aaryan, Kriti Sanon | Karan S | Goldboy | Tanishk B | Nirmaan",2019-03-12T09:00:01Z,PT3M11S,64090370,397512,6895
T-Series,Lyrical: Phir Mulaaqat | WHY CHEAT INDIA | Emraan Hashmi Shreya D | Jubin Nautiyal Kunaal Rangon,2019-01-08T06:06:06Z,PT4M28S,64021038,622437,15711
T-Series,Ishq Mein Song | Meet Bros Ft. Sachet Tandon | Sunny K & Sahher B | Kumaar | B2GETHERPROS,2021-09-02T05:32:28Z,PT5M14S,63142641,797369,15820
T-Series,"""Suno Na Sangemarmar"" Full Song Youngistaan | Arijit Singh | Jackky Bhagnani, Neha Sharma",2014-02-14T04:30:00Z,PT2M29S,63021457,445412,8872
T-Series,"""Phir Mohabbat Karne Chala"" Murder 2  Song   | Original Version (HD)",2012-08-29T12:01:29Z,PT2M7S,62979379,128469,2075
T-Series,"Aaj Ro Len De Full Video Song | 1920 LONDON | Sharman Joshi, Meera Chopra, Shaarib and Toshi",2016-06-23T14:00:02Z,PT3M29S,62363537,514980,15030
T-Series,Meri Maa Ke Barabar Koi Nahi (Lyrical) | Jubin N & Payal D | Manoj Muntashir | Lovesh N | Bhushan K,2022-01-10T09:30:10Z,PT5M16S,62385568,356497,9139
T-Series,"""Munni Badnaam Hui Remix"" Full Song Dabangg | Malaika Arora Khan",2011-04-20T13:27:37Z,PT3M40S,61866259,247799,2851
T-Series,Shanti Official Video | Feat. Millind Gaba & Nikki Tamboli |Asli Gold |Satti Dhillon | Bhushan Kumar,2021-06-22T05:31:18Z,PT2M53S,61311717,1021616,34077
T-Series,"Dagabaaz Re Dabangg 2 Full Video Song ᴴᴰ | Salman Khan, Sonakshi Sinha",2013-01-12T06:23:26Z,PT3M46S,61127980,327549,5692
T-Series,"Palak Muchhal: Zindagi Bana Loon Song (Full Video) | Sweetiee Weds NRI | Himansh Kohli, Zoya Afroz",2017-08-30T11:58:57Z,PT5M15S,61087804,358869,7342
T-Series,DARKHAAST Full Video Song |  SHIVAAY | Arijit Singh & Sunidhi Chauhan | Ajay Devgn | T-Series,2016-11-28T08:30:00Z,PT7M12S,59380340,562897,8625
T-Series,"Pyaar Hota Kayi Baar Hai (Full video) Tu Jhoothi Main Makkaar |Ranbir,Shraddha,Pritam,Arijit,Amitabh",2023-03-22T13:30:11Z,PT3M28S,59491166,333882,4816
T-Series,"""Te Amo"" Dum Maaro Dum (full song) | Bipasha Basu, Rana Dagubati",2011-09-19T07:58:59Z,PT2M59S,57895270,410199,8704
T-Series,"""Tere Mast Mast Do Nain"" ( With Lyrics) Full Song Dabangg | Salman Khan",2011-04-20T13:30:07Z,PT3M22S,57819592,409261,7204
T-Series,"Official Trailer: Pati Patni Aur Woh | Kartik Aaryan, Bhumi Pednekar, Ananya Panday |Releasing 6 Dec",2019-11-04T07:13:56Z,PT2M43S,57638733,909773,25324
T-Series,"Nachan Nu Jee Karda | Angrezi Medium | Irrfan, Radhika, Deepak, Kareena | Romy, Nikhita | Tanishk B",2020-02-28T06:35:07Z,PT2M45S,57452112,465709,11484
T-Series,"Bandeya Rey Bandeya Lyrical | SIMMBA | Ranveer Singh, Sara Ali Khan | Arijit Singh | Asees Kaur",2019-01-03T10:30:00Z,PT4M36S,57078247,1004431,15584
T-Series,"Ready (Full Movie) Salman Khan, Asin | Anees Bazmee, Pritam, DSP | Bhushan Kumar",2022-02-04T13:00:14Z,PT2H25M6S,56926974,611371,7041
T-Series,"Soch Liya Song | Radhe Shyam | Prabhas, Pooja Hegde | Mithoon, Arijit Singh, Manoj M | Bhushan K",2021-12-08T08:15:12Z,PT3M34S,56851261,1202686,28194
T-Series,OFFICIAL: Abhi Toh Party Shuru Hui Hai VIDEO Song | Khoobsurat | Badshah | Aastha | Sonam Kapoor,2014-08-21T09:28:13Z,PT2M29S,56682353,242960,3583
T-Series,"FULL SONG: Yeh Aaina | Kabir Singh | Shahid Kapoor, Kiara Advani Nikita D| Amaal Mallik Feat.Shreya",2019-07-02T12:28:20Z,PT3M41S,55716849,480862,6220
T-Series,"Jubin Nautiyal: Mere Ghar Ram Aaye Hain (Lyrical) Dipika | Manoj M, Payal D, Lovesh | Bhushan K",2022-11-16T03:30:14Z,PT4M15S,55728322,318660,6193
T-Series,Full Video: Kabhi Kabhi Aditi Zindagi | Jaane Tu Ya Jaane Na | A.R. Rahman | Rashid Ali,2011-05-30T06:26:58Z,PT3M30S,54965546,754447,17935
T-Series,"Suno Na Suno Na Full HD (Video Song) Chalte Chalte | Shahrukh Khan, Rani Mukherjee",2011-05-24T23:33:39Z,PT5M6S,54859030,319556,6513
T-Series,"Jaan Hai Meri Song: Radhe Shyam | Prabhas, Pooja Hegde | Armaan M, Amaal M, Rashmi Virag, Bhushan K",2022-02-25T06:30:11Z,PT3M36S,54612056,1066072,57014
T-Series,Har Funn Maula (Full Video) Koi Jaane Na | Aamir Khan | Elli A | Vishal D Zara K Tanishk B Amitabh B,2021-04-04T06:30:01Z,PT5M28S,54465447,537722,13342
T-Series,Kangan Full Video Song | Harbhajan Mann | Jatinder Shah | Latest Song 2018 | T-Series,2018-03-27T05:42:29Z,PT5M8S,54073745,280035,11532
T-Series,Rangtaari Full Video | Loveyatri | Aayush Sharma | Warina Hussain |Yo Yo Honey Singh |Tanishk Bagchi,2018-10-25T10:30:01Z,PT4M,53949184,281467,5134
T-Series,"Humko Pyaar Hua Lyrical Video | Ready Ft. Salman, Asin | Tulsi Kumar, KK | Pritam",2018-11-07T07:30:00Z,PT5M44S,53603995,372766,6671
T-Series,"""Mahi Mahi Mahi Mainu Challa"" Kismat Ft. Priyanka Chopra, Bobby Deol",2011-05-30T13:10:32Z,PT4M26S,53297881,230150,5442
T-Series,"DESH MERE (Lyrical) | Bhuj: The Pride Of India| Ajay D, Sanjay D | Arijit Singh | Arko, Manoj M",2021-08-18T11:36:00Z,PT3M36S,52616534,626421,12025
T-Series,"TERI FARIYAD  Full Video Song | Tum Bin 2 | Neha Sharma, Aditya Seal, Aashim Gulati | Jagjit Singh",2016-11-24T08:30:01Z,PT7M32S,52556817,380534,11625
T-Series,"Dil(Lyrical):Ek Villain Returns| John,Disha,Arjun,Tara,Raghav,Kaushik-Guddu | Mohit,Ektaa |Bhushan K",2022-07-31T09:30:05Z,PT5M29S,52399925,514302,5428
T-Series,Teri Yaadon Mein (Full Song) | The Killer,2011-05-24T18:12:48Z,PT4M27S,48994663,411789,7086
T-Series,"Tum Hi Ho Song Aashiqui 2 | Music By Mithoon | Aditya Roy Kapur, Shraddha Kapoor",2013-03-24T03:56:54Z,PT2M21S,48822255,442768,10624
T-Series,"Dilbara Full Video | Pati Patni Aur Woh | Kartik A, Bhumi P, Ananya P | Sachet-Parampara",2019-12-14T05:30:03Z,PT3M48S,47775072,413268,5466
T-Series,Atif Aslam : Darasal Full Video Song | Raabta | Sushant Singh Rajput & Kriti Sanon | Pritam,2017-06-16T14:00:04Z,PT3M21S,46536069,524976,8814
T-Series,MAIYA TERI JAI JAIKAAR  Lyrical  |Arijit Singh Jeet Gannguli Gurmeet Choudhary|Navratri Special Song,2016-10-17T09:07:55Z,PT4M36S,46565040,565765,14638
T-Series,"'Tu Chahiye' FULL VIDEO Song - Atif Aslam Pritam | Bajrangi Bhaijaan | Salman Khan, Kareena Kapoor",2015-08-05T14:39:38Z,PT3M51S,46409163,345521,5071
T-Series,"Ankhiyon Se Goli Maare | Sonu Nigam, Jaspinder Narula | Govinda Songs | Raveena Tandon Song |HD Song",2022-08-28T10:30:11Z,PT4M48S,46195598,146701,1476
T-Series,"Lyrical:Do You Love Me| Baaghi 3 | Disha P | Tiger S, Shraddha K |René Bendali | Tanishk B | Nikhita",2020-03-05T12:07:54Z,PT3M1S,45901134,364474,6732
T-Series,"Apnaa Mujhe Tu Lagaa Lyrical | 1920 Evil Returns | Aftab Shivdasani, Sonu Nigam",2018-12-16T08:30:00Z,PT6M25S,45895308,434708,6027
T-Series,"Yadaan Teriyaan FULL VIDEO Song - Rahat Fateh Ali Khan | Hero | Sooraj, Athiya | T-Series",2015-09-28T11:27:53Z,PT4M48S,45789939,342774,8331
T-Series,"Kaun Kehte Hain Bhagwan Aate Nahi (Achyutam Keshavam) With Lyrics | Tulsi, Jubin | Janmashtami 2022",2022-08-18T18:30:54Z,PT5M16S,45062957,223744,4163
T-Series,"Koi Jaane Na: Tu Mane Ya Na Mane Rabb Manneya (Full Song) Lakhwinder W,Neeti M | Rochak K, Manoj M",2021-04-11T10:30:01Z,PT4M27S,44712961,535836,6204
T-Series,"O Bedardeya (Film Version) Tu Jhoothi Main Makkaar | Ranbir, Shraddha | Pritam, Arijit S, Amitabh B",2023-06-04T05:30:09Z,PT5M26S,44215505,294171,4796
T-Series,"Har Har Gange  Full Song | Batti Gul Meter Chalu | Arijit Singh | Shahid Kapoor, Shraddha Kapoor",2018-10-05T02:30:02Z,PT3M17S,42603077,420456,6107
T-Series,Dunki Drop 5: O Maahi | Shah Rukh Khan | Taapsee Pannu | Pritam | Arijit Singh | Irshad Kamil,2023-12-11T11:50:10Z,PT4M16S,43772541,872285,33425
T-Series,"Mere Rashke Qamar Full Song | Baadshaho | Ajay Devgn, Ileana|  Nusrat & Rahat Fateh Ali Khan Tanisk",2017-09-04T14:30:00Z,PT3M50S,40794753,164744,5374
T-Series,"FIGHTER: Sher Khul Gaye Song, Hrithik, Deepika, Vishal-Sheykhar, Benny, Shilpa, Kumaar, Bosco-Caesar",2023-12-15T06:30:08Z,PT2M49S,40903288,555857,32163
T-Series,Tanhayee Full Song | Dil Chahta Hai | Amir Khan,2011-05-25T01:25:53Z,PT5M51S,40498136,243118,6429
T-Series,"Lyrical: Mere Dholna | Bhool Bhulaiyaa | Vidya Balan | Shreya Ghoshal, M.G. Sreekumar |  Pritam",2020-04-06T06:47:10Z,PT7M3S,40354126,459284,9217
T-Series,"Satyameva Jayate 2 (OFFICIAL TRAILER) John Abraham, Divya Khosla Kumar | Milap Zaveri | Bhushan K",2021-10-25T07:45:10Z,PT3M18S,39852574,857274,70879
T-Series,Full Video: Nai Lagda | Notebook | Zaheer Iqbal & Pranutan Bahl | Vishal Mishra Asees Kaur,2019-04-23T09:30:00Z,PT4M35S,39692912,544912,6032
T-Series,"A R Rahman : Genda Phool Full Song  | Delhi 6 | Abhishek Bachchan, Sonam Kapoor,",2011-04-20T13:02:45Z,PT2M41S,39379627,452998,9192
T-Series,"Itna Pyaar Karo Full Video | The Body | Rishi K, Emraan H, Sobhita, Vedhika | Shreya G, Shamir T",2019-12-30T10:30:04Z,PT4M59S,39264104,392673,4716
T-Series,"ELECTRO FOLK: BHUMBRO | Shirley Setia, Parry G & Aditya Dev | T-Series",2019-01-17T09:30:00Z,PT3M41S,39179145,544041,13888
T-Series,"Pagalpanti Trailer - Anil, John, Ileana, Arshad, Urvashi, Pulkit, Kriti | Anees | Releasing 22 Nov",2019-10-22T08:23:52Z,PT3M1S,38438470,574578,17648
T-Series,"Full Video: Awara | Dabangg 3 | Salman Khan,Sonakshi S,Saiee M | Salman Ali, Muskaan | Sajid Wajid",2020-01-05T08:30:00Z,PT3M59S,38290400,439150,8476
T-Series,"Ek Zindagi | Angrezi Medium | Irrfan, Radhika M, Kareena K,Deepak D | Tanishkaa, Sachin-Jigar",2020-02-20T05:31:24Z,PT2M29S,37829900,397055,8957
T-Series,"Wafa Ne Bewafai VIDEO Song | TERAA SURROOR | Himesh Reshammiya, Farah Karimaee | T-Series",2016-02-09T12:30:00Z,PT3M13S,37690950,322744,7929
T-Series,"FIGHTER: Ishq Jaisa Kuch Song, Hrithik, Deepika, Vishal-Sheykhar, Shilpa, Kumaar, Bosco-Caesar",2023-12-22T09:00:19Z,PT2M20S,37896829,367138,17076
T-Series,Full Video :Tum Mere Ho Song | Hate Story IV | Vivan Bhathena Ihana Dhillon |Mithoon Jubin N Manoj M,2018-03-14T17:30:00Z,PT3M57S,37447621,256463,5532
T-Series,"'Khoya Khoya' FULL VIDEO Song | Sooraj Pancholi, Athiya Shetty | Hero | T-Series",2015-09-25T13:07:17Z,PT4M15S,36290008,349545,5621
T-Series,"LYRICAL: ""Khudaya Khair"" | Billu | Irfan Khan, Lara Dutta | Soham Chakrabarthy, Akruti Kakkar,Monali",2019-06-15T11:49:09Z,PT5M,35243752,344923,4515
T-Series,"Dil Royi Jaye Full Video | De De Pyaar De I Ajay Devgn, Tabu, Rakul Preet l Arijit Singh,Rochak K",2019-06-07T12:05:26Z,PT4M43S,34703646,265006,4583
T-Series,Nainowale | T-Series Acoustics | NEETI MOHAN | Padmaavat | Bollywood Songs,2018-11-07T06:53:17Z,PT3M23S,34634508,572809,10262
T-Series,"Kashmir Main Tu Kanyakumari(Lyrical)|Chennai Express |Shahrukh K, Deepika P,Sunidhi C,Arijit S,Neeti",2021-09-15T11:30:05Z,PT5M27S,34553200,239301,1799
T-Series,Ishq Mein Lyrical | Meet Bros Ft. Sachet Tandon | Sunny K & Sahher B | Kumaar | B2GETHERPROS,2021-09-14T05:34:22Z,PT5M46S,34241339,195988,3087
T-Series,"Agar Tu Hota Full Video Song |  BAAGHI | Tiger Shroff, Shraddha Kapoor | Ankit Tiwari |T-Series",2016-05-04T13:41:00Z,PT3M27S,33342434,359498,5767
T-Series,"ISHQ MUBARAK Video Song  || Tum Bin 2 || Arijit Singh | Neha Sharma, Aditya Seal & Aashim Gulati",2016-10-08T05:30:00Z,PT2M47S,32122358,114767,4916
T-Series,"Anek | Official Trailer | Anubhav Sinha, Ayushmann Khurrana | 27th May 2022 | Bhushan Kumar",2022-05-05T05:30:13Z,PT3M12S,31561835,804885,27094
T-Series,"Chhalaang: Care Ni Karda (Full Song) Rajkummar, Nushrratt |Yo Yo Honey Singh,Alfaaz,Hommie Dilliwala",2020-12-06T08:30:04Z,PT3M10S,31265376,278551,4413
T-Series,"Tenu Lehenga Full Video | Satyameva Jayate 2 | John A, Divya K Kumar | Tanishk B, Zahrah SK, Jass M",2021-11-28T13:00:18Z,PT4M28S,31256041,142790,1778
T-Series,Naam - E - Wafa FULL VIDEO Song | Creature 3D | Tulsi Kumar | Bipasha Basu,2014-09-24T07:48:57Z,PT3M46S,31172305,194908,8481
T-Series,"Oo Bolega Ya Oo Bolega🔥♥️| #AlluArjun#RashmikaMandanna#Pushpa#Samantha 😍🎼🎶🔥 | Kanika K, DSP, Sukumar",2022-01-20T03:30:07Z,PT16S,30977350,623982,925
T-Series,Kokh Ke Rath Mein Full Video |  KGF Chapter 1 | Yash | Srinidhi Shetty | Ravi Basrur,2019-04-10T06:13:59Z,PT2M52S,30792099,593321,12119
T-Series,"Tere Pyaar Mein (Full Video) Tu Jhoothi Main Makkaar| Ranbir,Shraddha| Pritam|Arijit,Nikhita,Amitabh",2023-03-23T10:30:07Z,PT4M16S,30813876,188634,1938
T-Series,"Lyrical: Kaash Tu Mila Hota | Code Blue | Alok Nath, Sushmita Mukherjee | Jubin Nautiyal",2019-08-05T13:00:02Z,PT5M46S,30580069,274198,5524
T-Series,"Lyrical: Ek Zindagi | Angrezi Medium | Irrfan, Radhika M, Kareena K,Deepak D |Tanishkaa,Sachin-Jigar",2020-02-27T10:30:03Z,PT3M10S,30510922,354360,7588
T-Series,Happy Happy Video Song | Blackmail | Irrfan Khan | Badshah | Aastha Gill,2018-02-24T06:30:14Z,PT2M54S,30461946,241674,5919
T-Series,"Tu Hi Khwahish Full Video Song Once Upon A Time In Mumbaai Dobaara | Pritam, Akshay Kumar, Sonakshi",2013-10-17T13:45:32Z,PT2M50S,29680836,171811,1646
T-Series,Kudiye Ni Video Song | Feat.  Aparshakti Khurana & Sargun Mehta | Neeti Mohan | New Song 2019,2019-05-31T05:33:52Z,PT3M31S,29631980,392458,4743
T-Series,"Humsafar (Full Video) Female Version | Varun & Alia Bhatt | Akhil Sachdeva | ""Badrinath Ki Dulhania""",2017-04-01T10:19:16Z,PT2M9S,28743165,208896,5576
T-Series,"Lyrical : AAPKA KYA HOGA (DHANNO) | Housefull | Akshay Kumar | Mika Singh, Sunidhi Chauhan",2020-03-28T11:30:02Z,PT5M22S,27542593,217142,2333
T-Series,"Lyrical: Mauja Hi Mauja | Jab We Met | Shahid Kapoor, Kareena Kapoor | Mika Singh |  Pritam",2020-05-04T10:30:00Z,PT4M24S,27010848,168269,2601
T-Series,"Full Song: Fikar Not | Chhichhore | Nitesh Tiwari | Sushant, Shraddha | Pritam | Amitabh",2019-09-18T07:34:56Z,PT3M16S,26256666,356668,11296
T-Series,"Chhalaang:Deedar De (Full Song) Rajkummar, Nushrratt|Vishal & Shekhar, Panchhi Jalonvi, Asees K, Dev",2020-12-08T14:00:01Z,PT3M,25584534,137393,2658
T-Series,"Hare Krishna Hare Rama |Jubin Nautiyal |Shabbir Ahmed,Ayaz Kohli | Lovesh Nagar| Janmashtami Special",2021-08-26T03:31:11Z,PT7M,25483922,484378,14722
T-Series,"'Pehli Baar' VIDEO Song | Dil Dhadakne Do | Ranveer Singh, Anushka Sharma | T-Series",2015-07-06T08:33:09Z,PT4M29S,25163250,98838,1820
T-Series,"Simran: Lagdi Hai Thaai Song | Kangana Ranaut | Guru Randhawa, Jonita Gandhi | Sachin-Jigar",2017-08-11T11:44:41Z,PT2M13S,25120840,146846,2160
T-Series,"Poster Lagwa Do Full Video | Luka Chuppi | Kartik Aaryan,Kriti Sanon | Mika Singh, Sunanda Sharma",2019-03-12T08:17:37Z,PT3M12S,24664312,144042,2832
T-Series,Mere Baba (Lyrical) Jubin Nautiyal | Payal Dev | Manoj Muntashir | Kashan Shahid | Bhushan K,2022-04-11T13:30:01Z,PT4M18S,24733950,175175,3018
T-Series,"Tere Hawaale: Laal Singh Chaddha | Aamir, Kareena | Arijit, Shilpa | Pritam, Amitabh, Advait",2022-08-04T03:30:10Z,PT5M50S,24034775,498174,22738
T-Series,"Waheguru ""Ik Onkar"" A Rendition by Ajay Bijli (Video) | Dunki | Sheykhar Ravjiani |  T-Series",2023-12-27T15:02:42Z,PT3M42S,10321938,3903,349
T-Series,"ANIMAL: Satranga (Full Video) Ranbir K,Rashmika|Sandeep|Arijit,Shreyas,Siddharth-Garima|Bhushan K",2023-12-29T13:00:12Z,PT4M31S,2956302,43473,889
T-Series,"Dunki: Chal Ve Watna(Audio) Shah Rukh Khan |Rajkumar Hirani |Taapsee Pannu |Pritam,Javed Ali,Varun G",2023-12-20T15:05:00Z,PT4M13S,1878257,80267,5062
T-Series,"ANIMAL: Haiwaan (Full Video) | Ranbir Kapoor,Rashmika,Anil K,Bobby D | Sandeep | Ashim K |Bhushan K",2023-12-30T07:30:12Z,PT2M42S,1652484,37712,1049
T-Series,"FIGHTER: Sher Khul Gaye(Teaser) | Hrithik Roshan,Deepika Padukone |Vishal Sheykhar |Kumaar|Bhushan K",2023-12-14T10:30:29Z,PT11S,1625516,46079,1256
T-Series,"ANIMAL: Kashmir (Full Video) Ranbir Kapoor,Rashmika M | Sandeep V | Shreya G,Manan B | Bhushan K",2023-12-30T13:00:10Z,PT3M38S,1608885,17399,715
T-Series,"Dunki Drop 7: Main Tera Rasta Dekhunga |Shah Rukh Khan |Rajkumar H |Taapsee |Pritam,Shadab,Altamash",2023-12-27T09:30:37Z,PT1M30S,1302859,49552,1637
T-Series,"Dunki:O Maahi(Audio) Shah Rukh Khan | Rajkumar Hirani | Taapsee Pannu | Pritam,Arijit Singh,Irshad K",2023-12-20T15:00:02Z,PT3M54S,1186376,23862,440
T-Series,"ANIMAL: Papa Meri Jaan (Full Video) Ranbir Kapoor |Anil K,Rashmika M |Sandeep V|Sonu Nigam|Bhushan K",2024-01-02T13:00:11Z,PT5M21S,824149,22761,1103
T-Series,"FIGHTER: Ishq Jaisa Kuch (Teaser) Hrithik Roshan, Deepika Padukone | Vishal-Sheykhar,Shilpa,Kumaar",2023-12-20T12:53:24Z,PT12S,729557,18296,695
T-Series,"Dunki: Main Tera Rasta Dekhunga(Film Version)(Audio) Shah Rukh Khan |Taapsee |Pritam,Shadab,Altamash",2023-12-20T15:20:00Z,PT5M15S,713618,24610,1209
T-Series,"Dunki: Main Tera Rasta Dekhunga(Audio) Shah Rukh Khan |Taapsee |Pritam,Vishal,Shreya,Shadab,Altamash",2023-12-20T15:15:00Z,PT4M7S,713690,26081,1788
T-Series,Dunki - Audio Jukebox | Full Album | Shah Rukh Khan | Rajkumar Hirani | Pritam | Taapsee Pannu,2023-12-20T15:31:15Z,PT32M33S,552142,21348,1303
T-Series,"ANIMAL: Bhaavein Jaane Ya Na Jaane(Full Video) Ranbir K,Anil K,Shakti K|Bhupinder|Sandeep|Bhushan K",2023-12-29T10:30:08Z,PT2M5S,516662,13264,572
T-Series,Fighter | Hrithik Roshan & Deepika Grooving On #IshqJaisaKuch 😍🔥,2024-01-02T10:58:01Z,PT31S,350103,15547,98
T-Series,"ANIMAL: Marham (Pehle Bhi Main) (Audio) Ranbir Kapoor,Tripti Dimri |Sandeep|Vishal M,Raj S|Bhushan K",2023-12-28T05:30:11Z,PT1M54S,351419,6469,212
T-Series,"FIGHTER: Ishq Jaisa Kuch (Audio) Hrithik Roshan, Deepika Padukone | Vishal-Sheykhar,Shilpa,Kumaar",2023-12-28T07:30:12Z,PT2M50S,352386,6180,211
T-Series,"Dunki: Nikle The Kabhi Hum Ghar Se (Audio) Shah Rukh Khan | Rajkumar Hirani | Pritam,Sonu N,Javed A",2023-12-17T05:29:29Z,PT5M1S,316071,14059,772
T-Series,"Dunki: Banda (Audio) Shah Rukh Khan | Rajkumar Hirani | Taapsee Pannu | Pritam,Diljit Dosanjh,Kumaar",2023-12-20T15:10:00Z,PT2M49S,302847,8246,356
T-Series,BOLLYWOOD NEW YEAR PARTY REMIX | NON-STOP | KEDROCK X SD STYLE | T-SERIES,2023-12-31T04:30:04Z,PT28M39S,217658,5209,278
T-Series,New Year Mashup 2023 - Dj Abhi India | Ultimate Dance Songs |Chaleya |Tere Pyaar Mein |Jedha Nasha,2023-12-31T07:30:09Z,PT5M33S,214275,7162,328
T-Series,Dunki Drop 8: Chal Ve Watna | Shah Rukh Khan | Rajkumar Hirani | Taapsee | Pritam | Varun Grover,2024-01-04T05:29:41Z,PT1M31S,266055,22845,1025
T-Series,Narayan Mil Jayega (Lyrical): Jubin Nautiyal |Payal Dev |Manoj Muntashir Shukla|Kashan|Bhushan Kumar,2024-01-03T03:30:01Z,PT5M1S,211356,13160,891
T-Series,"Hi Papa: Aye Khuda (Full Video) | Nani, Mrunal Thakur | Karthik | Hesham Abdul Wahab | Kausar Munir",2023-12-28T11:31:00Z,PT1M55S,199043,4211,115
T-Series,"Dunki: Waheguru (Audio) Shah Rukh Khan | Rajkumar Hirani Taapsee | Sheykhar Ravjiani, Ajay Bijli",2023-12-20T15:25:00Z,PT3M35S,145784,10142,550
T-Series,"Starfish: Yaad Ban Gaye(Full Video) Khushalii Kumar,Ehan Bhat |Tulsi Kumar,Manan Bhardwaj |Bhushan K",2023-12-26T10:42:15Z,PT3M45S,134678,4341,236
T-Series,"HI PAPA: Sheeshe Ki Gudiya (Full Video) Nani,Mrunal Thakur |Baby Kiara |Shouryuv |Hesham Abdul Wahab",2023-12-28T09:30:09Z,PT4M45S,125301,3533,224
T-Series,"FIGHTER: Sher Khul Gaye (Audio) Hrithik Roshan,Deepika Padukone |Vishal Sheykhar |Kumaar |Bhushan K",2023-12-26T08:08:41Z,PT3M1S,141649,2414,147
T-Series,"Hi Papa: Pyara Laage (Full Video) Nani,Mrunal Thakur | Baby Kiara | Shouryuv | Hesham Abdul Wahab",2023-12-29T06:30:09Z,PT4M23S,115009,4463,238
T-Series,"Banda | Shah Rukh Khan | Rajkumar Hirani | Taapsee | Pritam,Diljit,Kumaar | #YTShorts",2023-12-28T04:27:41Z,PT27S,116851,6239,80
T-Series,"Mohabbat Karne Wale (Lyrical): Tulsi Kumar,Sahaj Singh Chahal |Swapnil Tare |Mehdi Hassan |Bhushan K",2024-01-01T05:30:16Z,PT4M17S,112606,2831,312
T-Series,"Latoo (Remix) | Ghajini | Aamir Khan, Jiah Khan | A.R. Rahman | Shreya Ghosal,Pravin | Dj Amit Shah",2023-12-27T14:30:07Z,PT3M58S,109117,3438,232
T-Series,Narayan Mil Jayega(Full Audio): Jubin Nautiyal|Payal Dev|Manoj Muntashir Shukla|Kashan|Bhushan Kumar,2023-12-26T12:16:17Z,PT4M41S,119412,4304,362
T-Series,"Tujhe Bhula Diya (Video) | Bollytech Mix | By DJ Moody | Vishal-Sheykhar | Mohit Chauhan,Shruti",2024-01-02T09:30:05Z,PT6M38S,77509,2350,301
T-Series,"ANIMAL:Ranvijay’s Entry Medley (Audio) Ranbir Kapoor |A.R. Rahman,Threeory Band |Sandeep |Bhushan K",2024-01-03T12:03:15Z,PT3M39S,67924,2193,231
T-Series,"Le Aaunga (Remix) | SatyaPrem Ki Katha | Kartik Aaryan,Kiara Advani | Tanishk Bagchi | Dj Basque",2024-01-03T10:10:43Z,PT3M37S,58082,2218,192
T-Series,"Hi Papa: Sun Liya (Full Video) Nani,Mrunal Thakur |Chinmayi,Anurag |Hesham Abdul Wahab |Kausar Munir",2023-12-27T12:30:15Z,PT1M9S,49505,1330,96
T-Series,Non-Stop Bollywood Super Hit Party Songs | Jamal Kuddu | Chaleya | Bom Diggy Diggy | Lut Gaye | Suit,2023-12-29T16:22:23Z,PT3H12M37S,30117,1031,215
T-Series,"Starfish: Kya Humne Socha Tha (Lyrical Video) Khushalii Kumar,Ehan B|OAFF,Nikhil D'Souza,Tulsi Kumar",2023-12-31T11:30:08Z,PT3M31S,27868,516,142
T-Series,"Year End (Lofi-Mix) by Tatva K | Arijit Singh, Yo Yo Honey Singh, Sachet Tandon, Jubin Nautiyal",2024-01-04T10:30:06Z,PT47M29S,18370,1123,111
